date,product,price,sales
2023-06-03,Product A,9.99,70
2023-06-04,Product A,9.93,69
2023-06-05,Product A,9.96,61
2023-06-06,Product A,10.06,56
2023-06-07,Product A,10.0,44
2023-06-08,Product A,10.03,50
2023-06-09,Product A,10.07,62
2023-06-10,Product A,9.96,65
2023-06-11,Product A,10.08,72
2023-06-12,Product A,10.04,51
2023-06-13,Product A,9.88,54
2023-06-14,Product A,10.14,56
2023-06-15,Product A,9.95,55
2023-06-16,Product A,9.83,66
2023-06-17,Product A,9.9,67
2023-06-18,Product A,9.9,66
2023-06-19,Product A,10.01,56
2023-06-20,Product A,9.97,43
2023-06-21,Product A,9.97,55
2023-06-22,Product A,10.06,53
2023-06-23,Product A,10.03,57
2023-06-24,Product A,10.03,60
2023-06-25,Product A,10.04,74
2023-06-26,Product A,10.06,51
2023-06-27,Product A,9.79,45
2023-06-28,Product A,9.96,47
2023-06-29,Product A,9.78,54
2023-06-30,Product A,10.0,58
2023-07-01,Product A,10.0,63
2023-07-02,Product A,10.1,68
2023-07-03,Product A,10.12,61
2023-07-04,Product A,10.02,43
2023-07-05,Product A,9.95,45
2023-07-06,Product A,10.05,46
2023-07-07,Product A,9.95,58
2023-07-08,Product A,10.0,65
2023-07-09,Product A,10.1,63
2023-07-10,Product A,9.94,45
2023-07-11,Product A,10.08,40
2023-07-12,Product A,10.07,49
2023-07-13,Product A,9.9,52
2023-07-14,Product A,10.1,55
2023-07-15,Product A,10.07,54
2023-07-16,Product A,10.01,63
2023-07-17,Product A,9.92,48
2023-07-18,Product A,9.91,43
2023-07-19,Product A,9.95,49
2023-07-20,Product A,10.05,48
2023-07-21,Product A,9.9,54
2023-07-22,Product A,10.04,56
2023-07-23,Product A,9.88,61
2023-07-24,Product A,9.98,49
2023-07-25,Product A,10.01,34
2023-07-26,Product A,10.24,41
2023-07-27,Product A,9.86,43
2023-07-28,Product A,10.15,46
2023-07-29,Product A,10.01,52
2023-07-30,Product A,10.04,65
2023-07-31,Product A,10.01,40
2023-08-01,Product A,10.04,44
2023-08-02,Product A,9.98,33
2023-08-03,Product A,10.15,42
2023-08-04,Product A,9.95,48
2023-08-05,Product A,10.11,55
2023-08-06,Product A,9.94,59
2023-08-07,Product A,9.99,47
2023-08-08,Product A,9.89,37
2023-08-09,Product A,10.05,38
2023-08-10,Product A,10.14,46
2023-08-11,Product A,9.99,45
2023-08-12,Product A,9.98,44
2023-08-13,Product A,9.89,48
2023-08-14,Product A,9.98,37
2023-08-15,Product A,9.84,40
2023-08-16,Product A,9.91,40
2023-08-17,Product A,10.02,44
2023-08-18,Product A,10.13,43
2023-08-19,Product A,10.28,50
2023-08-20,Product A,9.94,56
2023-08-21,Product A,10.14,39
2023-08-22,Product A,10.02,38
2023-08-23,Product A,9.98,35
2023-08-24,Product A,10.04,38
2023-08-25,Product A,10.01,42
2023-08-26,Product A,10.01,42
2023-08-27,Product A,9.96,54
2023-08-28,Product A,9.86,37
2023-08-29,Product A,9.85,35
2023-08-30,Product A,10.07,40
2023-08-31,Product A,9.97,41
2023-09-01,Product A,9.94,46
2023-09-02,Product A,10.0,46
2023-09-03,Product A,10.08,48
2023-09-04,Product A,10.02,38
2023-09-05,Product A,9.93,26
2023-09-06,Product A,10.12,29
2023-09-07,Product A,10.16,32
2023-09-08,Product A,10.05,37
2023-09-09,Product A,10.1,48
2023-09-10,Product A,10.12,45
2023-09-11,Product A,10.11,36
2023-09-12,Product A,10.06,41
2023-09-13,Product A,10.06,34
2023-09-14,Product A,10.05,41
2023-09-15,Product A,9.89,37
2023-09-16,Product A,10.07,44
2023-09-17,Product A,9.86,44
2023-09-18,Product A,9.92,36
2023-09-19,Product A,10.13,38
2023-09-20,Product A,10.08,27
2023-09-21,Product A,10.15,40
2023-09-22,Product A,9.97,42
2023-09-23,Product A,9.88,42
2023-09-24,Product A,9.98,41
2023-09-25,Product A,10.01,38
2023-09-26,Product A,10.01,31
2023-09-27,Product A,10.11,37
2023-09-28,Product A,9.96,37
2023-09-29,Product A,10.04,49
2023-09-30,Product A,9.9,44
2023-10-01,Product A,10.05,44
2023-10-02,Product A,10.0,38
2023-10-03,Product A,9.93,35
2023-10-04,Product A,9.98,42
2023-10-05,Product A,9.98,42
2023-10-06,Product A,9.97,43
2023-10-07,Product A,10.18,52
2023-10-08,Product A,9.99,43
2023-10-09,Product A,9.98,34
2023-10-10,Product A,9.79,29
2023-10-11,Product A,9.91,34
2023-10-12,Product A,9.97,31
2023-10-13,Product A,9.93,45
2023-10-14,Product A,10.14,44
2023-10-15,Product A,9.98,42
2023-10-16,Product A,10.13,33
2023-10-17,Product A,10.01,36
2023-10-18,Product A,10.0,41
2023-10-19,Product A,9.99,48
2023-10-20,Product A,10.0,57
2023-10-21,Product A,10.17,48
2023-10-22,Product A,9.77,45
2023-10-23,Product A,9.8,28
2023-10-24,Product A,9.95,36
2023-10-25,Product A,10.0,33
2023-10-26,Product A,10.07,37
2023-10-27,Product A,10.05,40
2023-10-28,Product A,9.96,47
2023-10-29,Product A,10.1,57
2023-10-30,Product A,10.1,40
2023-10-31,Product A,10.02,35
2023-11-01,Product A,10.1,33
2023-11-02,Product A,10.03,32
2023-11-03,Product A,9.94,42
2023-11-04,Product A,10.07,48
2023-11-05,Product A,10.01,62
2023-11-06,Product A,10.0,41
2023-11-07,Product A,10.15,42
2023-11-08,Product A,9.75,37
2023-11-09,Product A,9.86,35
2023-11-10,Product A,9.88,41
2023-11-11,Product A,9.96,46
2023-11-12,Product A,9.97,65
2023-11-13,Product A,9.85,38
2023-11-14,Product A,9.9,42
2023-11-15,Product A,9.91,36
2023-11-16,Product A,10.25,47
2023-11-17,Product A,10.18,49
2023-11-18,Product A,9.96,51
2023-11-19,Product A,9.96,56
2023-11-20,Product A,9.89,40
2023-11-21,Product A,9.81,42
2023-11-22,Product A,9.99,39
2023-11-23,Product A,9.9,38
2023-11-24,Product A,9.99,42
2023-11-25,Product A,9.84,54
2023-11-26,Product A,9.92,66
2023-11-27,Product A,10.01,46
2023-11-28,Product A,10.04,40
2023-11-29,Product A,10.04,45
2023-11-30,Product A,9.87,52
2023-12-01,Product A,10.09,52
2023-12-02,Product A,9.92,53
2023-12-03,Product A,10.06,66
2023-12-04,Product A,10.0,49
2023-12-05,Product A,9.86,50
2023-12-06,Product A,9.97,46
2023-12-07,Product A,10.04,41
2023-12-08,Product A,10.06,46
2023-12-09,Product A,9.99,66
2023-12-10,Product A,10.15,71
2023-12-11,Product A,10.1,48
2023-12-12,Product A,9.97,42
2023-12-13,Product A,10.08,54
2023-12-14,Product A,10.19,44
2023-12-15,Product A,10.2,50
2023-12-16,Product A,9.88,63
2023-12-17,Product A,9.91,63
2023-12-18,Product A,10.15,50
2023-12-19,Product A,9.89,45
2023-12-20,Product A,9.87,50
2023-12-21,Product A,9.95,58
2023-12-22,Product A,10.04,57
2023-12-23,Product A,9.99,65
2023-12-24,Product A,9.93,57
2023-12-25,Product A,9.93,52
2023-12-26,Product A,9.93,43
2023-12-27,Product A,9.91,44
2023-12-28,Product A,10.23,49
2023-12-29,Product A,10.03,57
2023-12-30,Product A,10.09,69
2023-12-31,Product A,9.95,63
2024-01-01,Product A,9.98,54
2024-01-02,Product A,9.93,47
2024-01-03,Product A,9.73,50
2024-01-04,Product A,9.86,60
2024-01-05,Product A,9.82,64
2024-01-06,Product A,9.78,73
2024-01-07,Product A,9.88,72
2024-01-08,Product A,10.13,53
2024-01-09,Product A,10.0,50
2024-01-10,Product A,10.13,55
2024-01-11,Product A,10.04,58
2024-01-12,Product A,10.08,58
2024-01-13,Product A,9.91,70
2024-01-14,Product A,10.05,76
2024-01-15,Product A,10.07,71
2024-01-16,Product A,9.94,62
2024-01-17,Product A,10.06,51
2024-01-18,Product A,10.06,57
2024-01-19,Product A,9.95,58
2024-01-20,Product A,9.89,68
2024-01-21,Product A,9.88,79
2024-01-22,Product A,10.01,66
2024-01-23,Product A,10.03,51
2024-01-24,Product A,9.92,54
2024-01-25,Product A,10.0,50
2024-01-26,Product A,10.06,66
2024-01-27,Product A,10.06,68
2024-01-28,Product A,10.16,77
2024-01-29,Product A,10.13,57
2024-01-30,Product A,9.9,55
2024-01-31,Product A,10.17,50
2024-02-01,Product A,9.95,55
2024-02-02,Product A,10.1,80
2024-02-03,Product A,10.01,69
2024-02-04,Product A,9.96,77
2024-02-05,Product A,9.82,73
2024-02-06,Product A,9.98,72
2024-02-07,Product A,9.84,55
2024-02-08,Product A,10.1,62
2024-02-09,Product A,10.15,72
2024-02-10,Product A,9.92,86
2024-02-11,Product A,10.03,79
2024-02-12,Product A,9.93,64
2024-02-13,Product A,9.94,63
2024-02-14,Product A,10.08,64
2024-02-15,Product A,10.0,64
2024-02-16,Product A,10.17,72
2024-02-17,Product A,9.95,72
2024-02-18,Product A,10.1,85
2024-02-19,Product A,10.01,65
2024-02-20,Product A,10.08,61
2024-02-21,Product A,9.96,61
2024-02-22,Product A,10.0,69
2024-02-23,Product A,9.99,79
2024-02-24,Product A,9.92,82
2024-02-25,Product A,10.07,90
2024-02-26,Product A,10.07,68
2024-02-27,Product A,10.06,61
2024-02-28,Product A,10.15,61
2024-02-29,Product A,10.14,70
2024-03-01,Product A,9.96,75
2024-03-02,Product A,10.04,93
2024-03-03,Product A,9.94,97
2024-03-04,Product A,10.0,71
2024-03-05,Product A,9.94,58
2024-03-06,Product A,10.16,60
2024-03-07,Product A,10.04,75
2024-03-08,Product A,9.98,78
2024-03-09,Product A,10.12,86
2024-03-10,Product A,9.78,82
2024-03-11,Product A,9.8,74
2024-03-12,Product A,10.08,65
2024-03-13,Product A,10.01,61
2024-03-14,Product A,10.03,68
2024-03-15,Product A,9.87,78
2024-03-16,Product A,10.0,84
2024-03-17,Product A,10.2,90
2024-03-18,Product A,10.08,70
2024-03-19,Product A,10.02,62
2024-03-20,Product A,9.96,68
2024-03-21,Product A,9.96,78
2024-03-22,Product A,9.79,65
2024-03-23,Product A,10.03,84
2024-03-24,Product A,10.08,93
2024-03-25,Product A,9.84,72
2024-03-26,Product A,9.93,62
2024-03-27,Product A,9.88,59
2024-03-28,Product A,9.9,73
2024-03-29,Product A,10.01,87
2024-03-30,Product A,9.79,78
2024-03-31,Product A,10.06,97
2024-04-01,Product A,10.08,69
2024-04-02,Product A,9.97,64
2024-04-03,Product A,9.75,62
2024-04-04,Product A,9.9,69
2024-04-05,Product A,10.12,85
2024-04-06,Product A,9.72,88
2024-04-07,Product A,9.97,101
2024-04-08,Product A,9.88,77
2024-04-09,Product A,10.08,66
2024-04-10,Product A,9.93,76
2024-04-11,Product A,10.04,73
2024-04-12,Product A,10.06,82
2024-04-13,Product A,10.18,84
2024-04-14,Product A,9.98,93
2024-04-15,Product A,10.04,67
2024-04-16,Product A,9.85,69
2024-04-17,Product A,10.12,61
2024-04-18,Product A,9.92,75
2024-04-19,Product A,9.94,77
2024-04-20,Product A,10.0,91
2024-04-21,Product A,9.84,96
2024-04-22,Product A,10.02,80
2024-04-23,Product A,10.1,67
2024-04-24,Product A,10.03,59
2024-04-25,Product A,9.84,70
2024-04-26,Product A,9.99,71
2024-04-27,Product A,10.07,82
2024-04-28,Product A,9.81,99
2024-04-29,Product A,9.89,73
2024-04-30,Product A,10.09,59
2024-05-01,Product A,10.03,61
2024-05-02,Product A,10.04,70
2024-05-03,Product A,10.19,70
2024-05-04,Product A,10.05,80
2024-05-05,Product A,10.07,92
2024-05-06,Product A,10.27,75
2024-05-07,Product A,9.98,65
2024-05-08,Product A,9.92,54
2024-05-09,Product A,10.04,70
2024-05-10,Product A,10.04,76
2024-05-11,Product A,9.95,84
2024-05-12,Product A,9.9,97
2024-05-13,Product A,10.23,58
2024-05-14,Product A,10.03,58
2024-05-15,Product A,9.93,67
2024-05-16,Product A,10.09,60
2024-05-17,Product A,9.99,82
2024-05-18,Product A,9.97,83
2024-05-19,Product A,10.06,92
2024-05-20,Product A,9.87,64
2024-05-21,Product A,10.04,64
2024-05-22,Product A,10.19,69
2024-05-23,Product A,10.05,68
2024-05-24,Product A,9.96,74
2024-05-25,Product A,9.95,81
2024-05-26,Product A,9.96,81
2024-05-27,Product A,9.97,65
2024-05-28,Product A,9.96,58
2024-05-29,Product A,10.09,64
2024-05-30,Product A,9.83,70
2024-05-31,Product A,10.09,66
2024-06-01,Product A,9.96,77
2024-06-02,Product A,10.04,91
2024-06-03,Product A,9.89,61
2024-06-04,Product A,10.13,54
2024-06-05,Product A,10.12,62
2024-06-06,Product A,10.1,68
2024-06-07,Product A,9.85,70
2024-06-08,Product A,10.08,83
2024-06-09,Product A,10.04,86
2024-06-10,Product A,9.84,67
2024-06-11,Product A,10.0,59
2024-06-12,Product A,10.04,71
2024-06-13,Product A,10.06,61
2024-06-14,Product A,10.02,58
2024-06-15,Product A,10.03,82
2024-06-16,Product A,10.15,78
2024-06-17,Product A,10.12,62
2024-06-18,Product A,9.71,62
2024-06-19,Product A,9.97,50
2024-06-20,Product A,9.98,54
2024-06-21,Product A,9.82,58
2024-06-22,Product A,10.01,68
2024-06-23,Product A,10.12,80
2024-06-24,Product A,9.89,62
2024-06-25,Product A,10.03,55
2024-06-26,Product A,9.91,49
2024-06-27,Product A,9.93,47
2024-06-28,Product A,10.15,65
2024-06-29,Product A,9.95,68
2024-06-30,Product A,10.05,78
2024-07-01,Product A,9.81,62
2024-07-02,Product A,10.19,53
2024-07-03,Product A,10.06,58
2024-07-04,Product A,9.98,58
2024-07-05,Product A,10.06,65
2024-07-06,Product A,9.86,65
2024-07-07,Product A,10.12,73
2024-07-08,Product A,9.97,57
2024-07-09,Product A,9.98,55
2024-07-10,Product A,9.95,51
2024-07-11,Product A,9.94,58
2024-07-12,Product A,10.07,60
2024-07-13,Product A,10.03,66
2024-07-14,Product A,10.07,76
2024-07-15,Product A,10.0,45
2024-07-16,Product A,10.05,43
2024-07-17,Product A,9.96,44
2024-07-18,Product A,10.22,42
2024-07-19,Product A,9.84,56
2024-07-20,Product A,10.13,68
2024-07-21,Product A,10.14,68
2024-07-22,Product A,9.91,54
2024-07-23,Product A,10.22,53
2024-07-24,Product A,10.1,57
2024-07-25,Product A,10.1,52
2024-07-26,Product A,10.0,64
2024-07-27,Product A,9.98,63
2024-07-28,Product A,9.98,63
2024-07-29,Product A,10.04,49
2024-07-30,Product A,10.14,39
2024-07-31,Product A,10.02,44
2024-08-01,Product A,9.91,49
2024-08-02,Product A,10.08,60
2024-08-03,Product A,10.09,69
2024-08-04,Product A,10.07,59
2024-08-05,Product A,10.07,52
2024-08-06,Product A,9.97,40
2024-08-07,Product A,9.91,50
2024-08-08,Product A,9.91,49
2024-08-09,Product A,9.84,45
2024-08-10,Product A,10.02,64
2024-08-11,Product A,9.99,61
2024-08-12,Product A,9.96,46
2024-08-13,Product A,9.7,39
2024-08-14,Product A,9.88,43
2024-08-15,Product A,10.11,51
2024-08-16,Product A,9.93,52
2024-08-17,Product A,10.04,59
2024-08-18,Product A,9.86,64
2024-08-19,Product A,10.14,54
2024-08-20,Product A,9.99,41
2024-08-21,Product A,10.03,38
2024-08-22,Product A,10.23,53
2024-08-23,Product A,10.15,50
2024-08-24,Product A,9.97,62
2024-08-25,Product A,9.94,63
2024-08-26,Product A,9.97,46
2024-08-27,Product A,10.05,44
2024-08-28,Product A,9.99,54
2024-08-29,Product A,9.96,57
2024-08-30,Product A,10.15,51
2024-08-31,Product A,9.99,56
2024-09-01,Product A,10.23,65
2024-09-02,Product A,10.01,42
2024-09-03,Product A,10.18,43
2024-09-04,Product A,10.04,43
2024-09-05,Product A,10.1,47
2024-09-06,Product A,9.93,46
2024-09-07,Product A,9.91,47
2024-09-08,Product A,10.05,49
2024-09-09,Product A,10.1,40
2024-09-10,Product A,10.0,38
2024-09-11,Product A,9.87,41
2024-09-12,Product A,9.86,55
2024-09-13,Product A,9.86,55
2024-09-14,Product A,9.82,49
2024-09-15,Product A,10.01,60
2024-09-16,Product A,10.11,43
2024-09-17,Product A,10.0,39
2024-09-18,Product A,9.77,44
2024-09-19,Product A,9.98,48
2024-09-20,Product A,9.98,48
2024-09-21,Product A,10.21,59
2024-09-22,Product A,9.85,52
2024-09-23,Product A,9.96,45
2024-09-24,Product A,10.17,53
2024-09-25,Product A,10.04,44
2024-09-26,Product A,10.06,52
2024-09-27,Product A,10.01,50
2024-09-28,Product A,10.03,57
2024-09-29,Product A,10.08,58
2024-09-30,Product A,9.92,44
2024-10-01,Product A,10.09,36
2024-10-02,Product A,9.86,45
2024-10-03,Product A,10.03,41
2024-10-04,Product A,10.02,53
2024-10-05,Product A,9.94,59
2024-10-06,Product A,10.0,60
2024-10-07,Product A,9.94,43
2024-10-08,Product A,9.89,43
2024-10-09,Product A,9.96,41
2024-10-10,Product A,9.89,50
2024-10-11,Product A,10.03,41
2024-10-12,Product A,9.88,53
2024-10-13,Product A,10.07,49
2024-10-14,Product A,9.88,38
2024-10-15,Product A,9.94,48
2024-10-16,Product A,9.94,48
2024-10-17,Product A,10.13,42
2024-10-18,Product A,10.03,43
2024-10-19,Product A,9.98,40
2024-10-20,Product A,10.05,57
2024-10-21,Product A,9.79,58
2024-10-22,Product A,10.0,44
2024-10-23,Product A,10.2,41
2024-10-24,Product A,10.01,49
2024-10-25,Product A,10.01,43
2024-10-26,Product A,10.05,54
2024-10-27,Product A,10.09,61
2024-10-28,Product A,9.8,46
2024-10-29,Product A,9.83,46
2024-10-30,Product A,10.02,47
2024-10-31,Product A,9.93,51
2024-11-01,Product A,10.13,49
2024-11-02,Product A,9.97,62
2024-11-03,Product A,9.81,70
2024-11-04,Product A,9.87,43
2024-11-05,Product A,9.73,39
2024-11-06,Product A,9.98,53
2024-11-07,Product A,9.98,47
2024-11-08,Product A,9.96,60
2024-11-09,Product A,10.11,56
2024-11-10,Product A,10.12,71
2024-11-11,Product A,9.98,50
2024-11-12,Product A,9.79,46
2024-11-13,Product A,10.06,55
2024-11-14,Product A,10.06,48
2024-11-15,Product A,10.03,50
2024-11-16,Product A,10.1,58
2024-11-17,Product A,9.88,68
2024-11-18,Product A,10.2,43
2024-11-19,Product A,9.9,49
2024-11-20,Product A,10.07,46
2024-11-21,Product A,9.83,57
2024-11-22,Product A,9.91,45
2024-11-23,Product A,10.15,58
2024-11-24,Product A,9.97,59
2024-11-25,Product A,10.08,48
2024-11-26,Product A,10.02,48
2024-11-27,Product A,9.99,49
2024-11-28,Product A,10.14,51
2024-11-29,Product A,9.98,58
2024-11-30,Product A,9.82,65
2024-12-01,Product A,9.92,64
2024-12-02,Product A,10.06,57
2024-12-03,Product A,10.04,52
2024-12-04,Product A,9.84,53
2024-12-05,Product A,9.93,57
2024-12-06,Product A,9.94,62
2024-12-07,Product A,9.96,76
2024-12-08,Product A,9.86,71
2024-12-09,Product A,9.94,54
2024-12-10,Product A,9.93,46
2024-12-11,Product A,10.08,48
2024-12-12,Product A,10.08,50
2024-12-13,Product A,9.99,58
2024-12-14,Product A,9.96,68
2024-12-15,Product A,10.01,76
2024-12-16,Product A,9.92,58
2024-12-17,Product A,9.89,48
2024-12-18,Product A,9.91,59
2024-12-19,Product A,9.94,62
2024-12-20,Product A,9.88,63
2024-12-21,Product A,10.02,67
2024-12-22,Product A,10.07,79
2024-12-23,Product A,9.84,60
2024-12-24,Product A,10.0,46
2024-12-25,Product A,9.98,56
2024-12-26,Product A,10.03,61
2024-12-27,Product A,10.0,62
2024-12-28,Product A,9.85,74
2024-12-29,Product A,9.87,72
2024-12-30,Product A,10.0,68
2024-12-31,Product A,10.1,62
2025-01-01,Product A,9.78,57
2025-01-02,Product A,10.03,64
2025-01-03,Product A,10.12,56
2025-01-04,Product A,9.98,69
2025-01-05,Product A,10.06,80
2025-01-06,Product A,9.93,58
2025-01-07,Product A,9.99,60
2025-01-08,Product A,9.84,70
2025-01-09,Product A,9.77,58
2025-01-10,Product A,10.09,66
2025-01-11,Product A,9.9,78
2025-01-12,Product A,9.95,92
2025-01-13,Product A,9.86,59
2025-01-14,Product A,9.86,60
2025-01-15,Product A,9.98,71
2025-01-16,Product A,9.93,57
2025-01-17,Product A,10.04,66
2025-01-18,Product A,10.05,77
2025-01-19,Product A,10.03,84
2025-01-20,Product A,10.02,71
2025-01-21,Product A,10.16,62
2025-01-22,Product A,9.89,55
2025-01-23,Product A,9.99,70
2025-01-24,Product A,10.11,72
2025-01-25,Product A,10.13,88
2025-01-26,Product A,9.86,86
2025-01-27,Product A,9.97,65
2025-01-28,Product A,10.14,65
2025-01-29,Product A,10.05,69
2025-01-30,Product A,10.02,72
2025-01-31,Product A,9.98,68
2025-02-01,Product A,9.96,86
2025-02-02,Product A,10.03,86
2025-02-03,Product A,9.97,71
2025-02-04,Product A,10.0,56
2025-02-05,Product A,10.01,69
2025-02-06,Product A,9.93,67
2025-02-07,Product A,10.05,72
2025-02-08,Product A,10.29,89
2025-02-09,Product A,9.82,94
2025-02-10,Product A,10.03,69
2025-02-11,Product A,9.92,72
2025-02-12,Product A,10.06,66
2025-02-13,Product A,10.0,73
2025-02-14,Product A,10.08,81
2025-02-15,Product A,10.12,84
2025-02-16,Product A,10.02,97
2025-02-17,Product A,10.11,71
2025-02-18,Product A,9.77,64
2025-02-19,Product A,10.16,77
2025-02-20,Product A,10.04,69
2025-02-21,Product A,10.11,69
2025-02-22,Product A,9.88,97
2025-02-23,Product A,9.92,110
2025-02-24,Product A,10.01,73
2025-02-25,Product A,10.0,58
2025-02-26,Product A,10.03,70
2025-02-27,Product A,10.11,74
2025-02-28,Product A,9.82,82
2025-03-01,Product A,10.1,85
2025-03-02,Product A,10.0,101
2025-03-03,Product A,9.98,78
2025-03-04,Product A,9.85,61
2025-03-05,Product A,10.05,76
2025-03-06,Product A,9.76,86
2025-03-07,Product A,10.06,85
2025-03-08,Product A,9.85,90
2025-03-09,Product A,10.01,99
2025-03-10,Product A,9.99,80
2025-03-11,Product A,10.12,61
2025-03-12,Product A,9.98,74
2025-03-13,Product A,9.93,75
2025-03-14,Product A,9.95,94
2025-03-15,Product A,10.13,92
2025-03-16,Product A,10.05,109
2025-03-17,Product A,9.96,72
2025-03-18,Product A,9.98,73
2025-03-19,Product A,9.84,75
2025-03-20,Product A,10.04,73
2025-03-21,Product A,9.82,86
2025-03-22,Product A,10.08,100
2025-03-23,Product A,10.01,100
2025-03-24,Product A,10.24,70
2025-03-25,Product A,9.89,70
2025-03-26,Product A,9.99,70
2025-03-27,Product A,10.18,76
2025-03-28,Product A,10.12,86
2025-03-29,Product A,9.93,85
2025-03-30,Product A,10.02,94
2025-03-31,Product A,10.0,81
2025-04-01,Product A,10.03,68
2025-04-02,Product A,9.93,62
2025-04-03,Product A,9.99,82
2025-04-04,Product A,9.84,88
2025-04-05,Product A,10.01,91
2025-04-06,Product A,10.05,95
2025-04-07,Product A,9.98,83
2025-04-08,Product A,9.84,72
2025-04-09,Product A,10.1,86
2025-04-10,Product A,10.04,81
2025-04-11,Product A,9.93,88
2025-04-12,Product A,9.97,93
2025-04-13,Product A,9.85,106
2025-04-14,Product A,9.9,81
2025-04-15,Product A,9.95,77
2025-04-16,Product A,10.12,72
2025-04-17,Product A,9.94,76
2025-04-18,Product A,10.06,84
2025-04-19,Product A,9.95,98
2025-04-20,Product A,10.02,109
2025-04-21,Product A,9.99,76
2025-04-22,Product A,10.09,68
2025-04-23,Product A,9.95,76
2025-04-24,Product A,9.84,77
2025-04-25,Product A,9.86,90
2025-04-26,Product A,9.95,82
2025-04-27,Product A,9.88,97
2025-04-28,Product A,10.04,74
2025-04-29,Product A,9.95,58
2025-04-30,Product A,10.24,69
2025-05-01,Product A,9.83,73
2025-05-02,Product A,10.02,84
2025-05-03,Product A,9.89,98
2025-05-04,Product A,9.95,99
2025-05-05,Product A,10.01,72
2025-05-06,Product A,9.77,69
2025-05-07,Product A,10.02,78
2025-05-08,Product A,10.19,71
2025-05-09,Product A,9.95,79
2025-05-10,Product A,10.03,94
2025-05-11,Product A,10.1,98
2025-05-12,Product A,9.98,79
2025-05-13,Product A,9.94,68
2025-05-14,Product A,9.77,75
2025-05-15,Product A,10.06,70
2025-05-16,Product A,9.99,83
2025-05-17,Product A,9.9,89
2025-05-18,Product A,10.01,91
2025-05-19,Product A,9.94,67
2025-05-20,Product A,9.95,71
2025-05-21,Product A,10.06,69
2025-05-22,Product A,9.87,69
2025-05-23,Product A,10.1,81
2025-05-24,Product A,9.86,94
2025-05-25,Product A,9.93,84
2025-05-26,Product A,10.19,66
2025-05-27,Product A,10.11,61
2025-05-28,Product A,10.01,77
2025-05-29,Product A,9.91,74
2025-05-30,Product A,9.95,84
2025-05-31,Product A,10.01,81
2025-06-01,Product A,10.0,88
2025-06-02,Product A,9.99,74
2025-06-03,Product A,10.0,65
2025-06-04,Product A,9.98,71
2025-06-05,Product A,9.86,71
2025-06-06,Product A,9.95,80
2025-06-07,Product A,10.09,86
2025-06-08,Product A,9.86,96
2025-06-09,Product A,9.98,75
2025-06-10,Product A,9.92,55
2025-06-11,Product A,10.01,55
2025-06-12,Product A,9.96,75
2025-06-13,Product A,10.15,83
2025-06-14,Product A,10.05,78
2025-06-15,Product A,9.87,81
2025-06-16,Product A,10.07,70
2025-06-17,Product A,9.92,67
2025-06-18,Product A,9.94,74
2025-06-19,Product A,10.03,71
2025-06-20,Product A,9.95,73
2025-06-21,Product A,10.09,77
2025-06-22,Product A,9.92,88
2025-06-23,Product A,9.94,66
2025-06-24,Product A,9.93,55
2025-06-25,Product A,9.94,74
2025-06-26,Product A,10.11,76
2025-06-27,Product A,10.06,79
2025-06-28,Product A,10.17,75
2025-06-29,Product A,10.23,90
2025-06-30,Product A,9.9,69
2025-07-01,Product A,10.01,61
2025-07-02,Product A,9.88,68
2025-07-03,Product A,9.92,68
2025-07-04,Product A,9.94,75
2025-07-05,Product A,9.89,81
2025-07-06,Product A,9.89,85
2025-07-07,Product A,9.99,55
2025-07-08,Product A,9.88,58
2025-07-09,Product A,10.08,58
2025-07-10,Product A,9.91,57
2025-07-11,Product A,10.28,78
2025-07-12,Product A,9.95,84
2025-07-13,Product A,10.01,88
2025-07-14,Product A,9.87,64
2025-07-15,Product A,10.17,63
2025-07-16,Product A,10.11,59
2025-07-17,Product A,10.03,63
2025-07-18,Product A,9.87,62
2025-07-19,Product A,10.02,76
2025-07-20,Product A,9.89,80
2025-07-21,Product A,10.15,54
2025-07-22,Product A,10.08,54
2025-07-23,Product A,10.01,57
2025-07-24,Product A,9.76,69
2025-07-25,Product A,9.9,71
2025-07-26,Product A,10.07,72
2025-07-27,Product A,10.12,79
2025-07-28,Product A,10.11,60
2025-07-29,Product A,9.84,52
2025-07-30,Product A,10.03,51
2025-07-31,Product A,10.1,58
2025-08-01,Product A,9.83,61
2025-08-02,Product A,10.0,64
2025-08-03,Product A,10.03,78
2025-08-04,Product A,9.97,60
2025-08-05,Product A,9.81,43
2025-08-06,Product A,9.97,54
2025-08-07,Product A,9.97,62
2025-08-08,Product A,9.99,68
2025-08-09,Product A,9.94,73
2025-08-10,Product A,9.96,74
2025-08-11,Product A,10.0,52
2025-08-12,Product A,10.04,45
2025-08-13,Product A,9.97,55
2025-08-14,Product A,9.96,58
2025-08-15,Product A,10.01,68
2025-08-16,Product A,9.81,72
2025-08-17,Product A,10.05,72
2025-08-18,Product A,10.0,49
2025-08-19,Product A,10.0,48
2025-08-20,Product A,10.1,53
2025-08-21,Product A,9.8,54
2025-08-22,Product A,9.8,57
2025-08-23,Product A,10.03,67
2025-08-24,Product A,10.0,68
2025-08-25,Product A,10.02,51
2025-08-26,Product A,9.95,50
2025-08-27,Product A,10.07,49
2025-08-28,Product A,10.09,55
2025-08-29,Product A,10.05,61
2025-08-30,Product A,9.97,59
2025-08-31,Product A,9.79,67
2025-09-01,Product A,10.08,61
2025-09-02,Product A,10.12,42
2025-09-03,Product A,10.06,40
2025-09-04,Product A,9.91,44
2025-09-05,Product A,10.07,59
2025-09-06,Product A,10.09,64
2025-09-07,Product A,10.16,68
2025-09-08,Product A,9.91,59
2025-09-09,Product A,9.98,34
2025-09-10,Product A,10.07,52
2025-09-11,Product A,10.01,60
2025-09-12,Product A,9.89,52
2025-09-13,Product A,10.04,61
2025-09-14,Product A,10.06,64
2025-09-15,Product A,10.01,48
2025-09-16,Product A,10.02,45
2025-09-17,Product A,9.97,57
2025-09-18,Product A,10.15,61
2025-09-19,Product A,9.91,56
2025-09-20,Product A,9.94,72
2025-09-21,Product A,10.0,68
2025-09-22,Product A,10.09,61
2025-09-23,Product A,9.85,46
2025-09-24,Product A,9.87,50
2025-09-25,Product A,9.8,54
2025-09-26,Product A,10.0,73
2025-09-27,Product A,9.89,67
2025-09-28,Product A,9.96,64
2025-09-29,Product A,10.07,57
2025-09-30,Product A,9.94,45
2025-10-01,Product A,10.02,47
2025-10-02,Product A,9.97,57
2025-10-03,Product A,10.07,57
2025-10-04,Product A,10.05,64
2025-10-05,Product A,9.93,68
2025-10-06,Product A,9.98,54
2025-10-07,Product A,10.1,49
2025-10-08,Product A,10.04,40
2025-10-09,Product A,9.86,56
2025-10-10,Product A,10.07,53
2025-10-11,Product A,9.89,56
2025-10-12,Product A,10.14,68
2025-10-13,Product A,10.1,53
2025-10-14,Product A,10.03,44
2025-10-15,Product A,10.02,54
2025-10-16,Product A,9.98,46
2025-10-17,Product A,10.07,56
2025-10-18,Product A,9.96,61
2025-10-19,Product A,10.02,69
2025-10-20,Product A,10.09,55
2025-10-21,Product A,9.94,43
2025-10-22,Product A,9.94,54
2025-10-23,Product A,9.88,54
2025-10-24,Product A,9.89,49
2025-10-25,Product A,9.82,55
2025-10-26,Product A,10.07,70
2025-10-27,Product A,10.18,53
2025-10-28,Product A,10.14,48
2025-10-29,Product A,9.84,51
2025-10-30,Product A,10.07,55
2025-10-31,Product A,10.14,65
2025-11-01,Product A,9.95,60
2025-11-02,Product A,10.01,65
2025-11-03,Product A,9.8,49
2025-11-04,Product A,10.03,51
2025-11-05,Product A,9.89,59
2025-11-06,Product A,10.02,53
2025-11-07,Product A,9.84,49
2025-11-08,Product A,10.05,58
2025-11-09,Product A,10.1,69
2025-11-10,Product A,9.92,53
2025-11-11,Product A,9.89,49
2025-11-12,Product A,9.78,54
2025-11-13,Product A,9.97,55
2025-11-14,Product A,9.94,68
2025-11-15,Product A,9.84,65
2025-11-16,Product A,10.05,70
2025-11-17,Product A,9.96,60
2025-11-18,Product A,9.89,44
2025-11-19,Product A,9.94,57
2025-11-20,Product A,10.11,59
2025-11-21,Product A,10.06,63
2025-11-22,Product A,9.99,78
2025-11-23,Product A,10.06,73
2025-11-24,Product A,9.88,69
2025-11-25,Product A,10.0,52
2025-11-26,Product A,10.01,50
2025-11-27,Product A,9.95,60
2025-11-28,Product A,10.04,60
2025-11-29,Product A,9.92,68
2025-11-30,Product A,10.05,80
2025-12-01,Product A,10.06,63
2025-12-02,Product A,9.71,52
2025-12-03,Product A,10.12,63
2025-12-04,Product A,9.7,67
2025-12-05,Product A,9.94,75
2025-12-06,Product A,10.1,77
2025-12-07,Product A,9.97,87
2025-12-08,Product A,9.85,53
2025-12-09,Product A,9.89,55
2025-12-10,Product A,10.1,55
2025-12-11,Product A,9.81,64
2025-12-12,Product A,10.11,67
2025-12-13,Product A,9.99,75
2025-12-14,Product A,9.88,92
2025-12-15,Product A,9.94,63
2025-12-16,Product A,9.9,60
2025-12-17,Product A,10.09,60
2025-12-18,Product A,10.07,65
2025-12-19,Product A,9.83,72
2025-12-20,Product A,9.96,81
2025-12-21,Product A,9.91,91
2025-12-22,Product A,10.13,74
2025-12-23,Product A,9.86,61
2025-12-24,Product A,10.16,66
2025-12-25,Product A,10.0,61
2025-12-26,Product A,9.88,73
2025-12-27,Product A,9.93,86
2025-12-28,Product A,9.92,92
2025-12-29,Product A,9.87,69
2025-12-30,Product A,10.01,66
2025-12-31,Product A,9.88,68
2026-01-01,Product A,9.78,75
2026-01-02,Product A,9.96,77
2026-01-03,Product A,9.82,82
2026-01-04,Product A,9.92,92
2026-01-05,Product A,9.91,55
2026-01-06,Product A,9.91,65
2026-01-07,Product A,10.2,49
2026-01-08,Product A,10.01,62
2026-01-09,Product A,10.02,80
2026-01-10,Product A,9.82,88
2026-01-11,Product A,9.93,87
2026-01-12,Product A,10.02,68
2026-01-13,Product A,9.9,72
2026-01-14,Product A,10.09,66
2026-01-15,Product A,9.88,84
2026-01-16,Product A,9.97,80
2026-01-17,Product A,9.94,90
2026-01-18,Product A,10.02,104
2026-01-19,Product A,9.94,74
2026-01-20,Product A,9.97,62
2026-01-21,Product A,9.98,70
2026-01-22,Product A,9.93,74
2026-01-23,Product A,10.05,76
2026-01-24,Product A,10.02,89
2026-01-25,Product A,9.99,94
2026-01-26,Product A,9.96,80
2026-01-27,Product A,10.08,68
2026-01-28,Product A,9.98,71
2026-01-29,Product A,9.97,76
2026-01-30,Product A,10.01,85
2026-01-31,Product A,10.17,95
2026-02-01,Product A,9.87,95
2026-02-02,Product A,10.08,72
2026-02-03,Product A,9.81,75
2026-02-04,Product A,10.02,72
2026-02-05,Product A,10.16,71
2026-02-06,Product A,10.05,88
2026-02-07,Product A,10.02,97
2026-02-08,Product A,9.94,95
2026-02-09,Product A,10.0,80
2026-02-10,Product A,9.97,75
2026-02-11,Product A,9.92,77
2026-02-12,Product A,9.97,83
2026-02-13,Product A,10.02,81
2026-02-14,Product A,9.92,98
2026-02-15,Product A,9.92,103
2026-02-16,Product A,9.86,78
2026-02-17,Product A,10.04,77
2026-02-18,Product A,10.05,84
2026-02-19,Product A,10.02,90
2026-02-20,Product A,10.1,96
2026-02-21,Product A,10.01,97
2026-02-22,Product A,10.04,108
2026-02-23,Product A,10.03,86
2026-02-24,Product A,9.99,74
2026-02-25,Product A,9.95,79
2026-02-26,Product A,10.22,86
2023-06-03,Product B,10.12,51
2023-06-04,Product B,10.07,54
2023-06-05,Product B,10.2,29
2023-06-06,Product B,9.85,30
2023-06-07,Product B,9.97,27
2023-06-08,Product B,9.95,37
2023-06-09,Product B,9.8,40
2023-06-10,Product B,10.11,47
2023-06-11,Product B,9.97,57
2023-06-12,Product B,10.07,29
2023-06-13,Product B,10.24,24
2023-06-14,Product B,9.96,35
2023-06-15,Product B,9.96,35
2023-06-16,Product B,10.01,39
2023-06-17,Product B,10.1,54
2023-06-18,Product B,9.94,52
2023-06-19,Product B,9.94,26
2023-06-20,Product B,10.11,25
2023-06-21,Product B,10.04,30
2023-06-22,Product B,9.8,33
2023-06-23,Product B,9.88,38
2023-06-24,Product B,10.15,45
2023-06-25,Product B,10.04,50
2023-06-26,Product B,9.92,25
2023-06-27,Product B,9.98,22
2023-06-28,Product B,10.0,23
2023-06-29,Product B,10.07,32
2023-06-30,Product B,9.86,28
2023-07-01,Product B,9.92,46
2023-07-02,Product B,10.03,46
2023-07-03,Product B,9.99,28
2023-07-04,Product B,10.06,24
2023-07-05,Product B,9.88,28
2023-07-06,Product B,10.04,28
2023-07-07,Product B,10.11,35
2023-07-08,Product B,10.05,45
2023-07-09,Product B,10.01,44
2023-07-10,Product B,9.99,26
2023-07-11,Product B,9.92,21
2023-07-12,Product B,9.99,26
2023-07-13,Product B,10.13,31
2023-07-14,Product B,9.99,35
2023-07-15,Product B,9.91,47
2023-07-16,Product B,9.95,41
2023-07-17,Product B,10.02,18
2023-07-18,Product B,9.96,20
2023-07-19,Product B,10.05,26
2023-07-20,Product B,10.05,28
2023-07-21,Product B,10.09,32
2023-07-22,Product B,10.14,36
2023-07-23,Product B,10.1,44
2023-07-24,Product B,9.91,17
2023-07-25,Product B,9.91,25
2023-07-26,Product B,9.99,32
2023-07-27,Product B,9.95,26
2023-07-28,Product B,9.89,32
2023-07-29,Product B,9.96,36
2023-07-30,Product B,9.95,34
2023-07-31,Product B,9.93,18
2023-08-01,Product B,9.97,18
2023-08-02,Product B,10.12,18
2023-08-03,Product B,10.02,29
2023-08-04,Product B,10.25,30
2023-08-05,Product B,10.02,37
2023-08-06,Product B,9.97,37
2023-08-07,Product B,10.0,18
2023-08-08,Product B,10.03,23
2023-08-09,Product B,10.04,21
2023-08-10,Product B,10.21,25
2023-08-11,Product B,9.92,27
2023-08-12,Product B,10.09,33
2023-08-13,Product B,10.02,32
2023-08-14,Product B,9.84,12
2023-08-15,Product B,10.08,18
2023-08-16,Product B,10.13,20
2023-08-17,Product B,9.91,18
2023-08-18,Product B,10.0,26
2023-08-19,Product B,9.83,33
2023-08-20,Product B,9.87,28
2023-08-21,Product B,10.1,15
2023-08-22,Product B,9.95,20
2023-08-23,Product B,9.89,20
2023-08-24,Product B,10.02,18
2023-08-25,Product B,9.95,26
2023-08-26,Product B,9.95,35
2023-08-27,Product B,10.07,36
2023-08-28,Product B,9.88,16
2023-08-29,Product B,9.91,16
2023-08-30,Product B,10.02,17
2023-08-31,Product B,10.1,22
2023-09-01,Product B,10.12,25
2023-09-02,Product B,9.93,32
2023-09-03,Product B,10.09,33
2023-09-04,Product B,9.92,19
2023-09-05,Product B,10.18,17
2023-09-06,Product B,9.89,20
2023-09-07,Product B,10.13,23
2023-09-08,Product B,9.93,21
2023-09-09,Product B,10.2,24
2023-09-10,Product B,10.06,36
2023-09-11,Product B,9.9,16
2023-09-12,Product B,9.95,11
2023-09-13,Product B,10.08,15
2023-09-14,Product B,10.11,22
2023-09-15,Product B,9.99,22
2023-09-16,Product B,10.0,27
2023-09-17,Product B,10.08,35
2023-09-18,Product B,10.01,12
2023-09-19,Product B,9.87,14
2023-09-20,Product B,9.92,18
2023-09-21,Product B,10.02,20
2023-09-22,Product B,10.12,24
2023-09-23,Product B,10.16,31
2023-09-24,Product B,10.08,31
2023-09-25,Product B,10.03,17
2023-09-26,Product B,10.07,15
2023-09-27,Product B,9.93,17
2023-09-28,Product B,9.98,19
2023-09-29,Product B,9.92,23
2023-09-30,Product B,9.88,31
2023-10-01,Product B,10.03,32
2023-10-02,Product B,10.02,15
2023-10-03,Product B,10.07,14
2023-10-04,Product B,10.05,17
2023-10-05,Product B,10.02,19
2023-10-06,Product B,10.06,23
2023-10-07,Product B,10.0,35
2023-10-08,Product B,10.04,28
2023-10-09,Product B,9.93,16
2023-10-10,Product B,10.04,19
2023-10-11,Product B,10.07,17
2023-10-12,Product B,9.93,26
2023-10-13,Product B,10.01,21
2023-10-14,Product B,9.94,29
2023-10-15,Product B,9.95,28
2023-10-16,Product B,9.89,14
2023-10-17,Product B,10.13,17
2023-10-18,Product B,10.11,20
2023-10-19,Product B,10.05,20
2023-10-20,Product B,10.2,27
2023-10-21,Product B,9.98,28
2023-10-22,Product B,10.3,30
2023-10-23,Product B,9.98,23
2023-10-24,Product B,10.03,18
2023-10-25,Product B,9.96,15
2023-10-26,Product B,10.04,17
2023-10-27,Product B,10.08,21
2023-10-28,Product B,9.99,32
2023-10-29,Product B,10.18,30
2023-10-30,Product B,10.02,16
2023-10-31,Product B,10.03,17
2023-11-01,Product B,9.91,20
2023-11-02,Product B,10.04,17
2023-11-03,Product B,9.99,21
2023-11-04,Product B,9.94,31
2023-11-05,Product B,9.92,34
2023-11-06,Product B,10.27,17
2023-11-07,Product B,9.97,15
2023-11-08,Product B,9.85,20
2023-11-09,Product B,9.93,18
2023-11-10,Product B,9.99,23
2023-11-11,Product B,10.05,28
2023-11-12,Product B,10.06,37
2023-11-13,Product B,10.07,19
2023-11-14,Product B,9.94,20
2023-11-15,Product B,10.03,23
2023-11-16,Product B,9.91,30
2023-11-17,Product B,9.94,20
2023-11-18,Product B,9.91,30
2023-11-19,Product B,9.88,33
2023-11-20,Product B,10.11,15
2023-11-21,Product B,10.07,15
2023-11-22,Product B,10.1,19
2023-11-23,Product B,10.0,18
2023-11-24,Product B,10.08,28
2023-11-25,Product B,9.82,34
2023-11-26,Product B,10.09,37
2023-11-27,Product B,10.02,20
2023-11-28,Product B,10.06,21
2023-11-29,Product B,10.04,19
2023-11-30,Product B,9.9,29
2023-12-01,Product B,9.85,28
2023-12-02,Product B,9.93,29
2023-12-03,Product B,10.06,34
2023-12-04,Product B,10.07,14
2023-12-05,Product B,9.86,20
2023-12-06,Product B,9.9,21
2023-12-07,Product B,9.93,23
2023-12-08,Product B,9.96,35
2023-12-09,Product B,9.86,38
2023-12-10,Product B,9.86,41
2023-12-11,Product B,9.92,17
2023-12-12,Product B,10.01,18
2023-12-13,Product B,9.88,22
2023-12-14,Product B,9.99,25
2023-12-15,Product B,10.11,25
2023-12-16,Product B,9.87,37
2023-12-17,Product B,9.98,41
2023-12-18,Product B,10.1,20
2023-12-19,Product B,9.96,19
2023-12-20,Product B,9.94,22
2023-12-21,Product B,10.12,26
2023-12-22,Product B,9.97,32
2023-12-23,Product B,10.11,41
2023-12-24,Product B,10.04,46
2023-12-25,Product B,9.97,20
2023-12-26,Product B,10.05,21
2023-12-27,Product B,10.03,26
2023-12-28,Product B,10.1,29
2023-12-29,Product B,9.95,32
2023-12-30,Product B,10.0,44
2023-12-31,Product B,9.99,47
2024-01-01,Product B,10.07,26
2024-01-02,Product B,9.9,29
2024-01-03,Product B,10.1,23
2024-01-04,Product B,10.05,28
2024-01-05,Product B,9.87,34
2024-01-06,Product B,10.12,43
2024-01-07,Product B,10.22,44
2024-01-08,Product B,10.1,19
2024-01-09,Product B,10.14,25
2024-01-10,Product B,10.01,24
2024-01-11,Product B,9.83,30
2024-01-12,Product B,9.82,33
2024-01-13,Product B,10.03,41
2024-01-14,Product B,9.94,49
2024-01-15,Product B,9.91,25
2024-01-16,Product B,9.99,27
2024-01-17,Product B,10.06,34
2024-01-18,Product B,9.85,31
2024-01-19,Product B,9.96,38
2024-01-20,Product B,10.15,43
2024-01-21,Product B,9.89,46
2024-01-22,Product B,10.09,30
2024-01-23,Product B,9.95,24
2024-01-24,Product B,10.05,25
2024-01-25,Product B,10.11,32
2024-01-26,Product B,10.07,38
2024-01-27,Product B,10.09,45
2024-01-28,Product B,9.88,50
2024-01-29,Product B,10.11,29
2024-01-30,Product B,9.91,25
2024-01-31,Product B,10.03,25
2024-02-01,Product B,10.03,35
2024-02-02,Product B,10.05,41
2024-02-03,Product B,10.03,48
2024-02-04,Product B,9.92,48
2024-02-05,Product B,9.87,24
2024-02-06,Product B,10.09,28
2024-02-07,Product B,10.02,34
2024-02-08,Product B,10.11,30
2024-02-09,Product B,10.0,40
2024-02-10,Product B,9.86,53
2024-02-11,Product B,10.1,47
2024-02-12,Product B,9.96,30
2024-02-13,Product B,10.03,26
2024-02-14,Product B,9.94,32
2024-02-15,Product B,10.16,35
2024-02-16,Product B,9.91,45
2024-02-17,Product B,9.97,54
2024-02-18,Product B,10.01,48
2024-02-19,Product B,9.89,26
2024-02-20,Product B,10.03,30
2024-02-21,Product B,10.16,31
2024-02-22,Product B,9.95,37
2024-02-23,Product B,10.04,45
2024-02-24,Product B,9.73,55
2024-02-25,Product B,10.0,56
2024-02-26,Product B,9.97,23
2024-02-27,Product B,9.92,29
2024-02-28,Product B,10.11,33
2024-02-29,Product B,9.97,33
2024-03-01,Product B,9.98,45
2024-03-02,Product B,9.96,57
2024-03-03,Product B,9.81,58
2024-03-04,Product B,9.89,20
2024-03-05,Product B,10.1,27
2024-03-06,Product B,9.79,38
2024-03-07,Product B,9.92,35
2024-03-08,Product B,9.96,38
2024-03-09,Product B,10.17,58
2024-03-10,Product B,10.08,58
2024-03-11,Product B,9.94,33
2024-03-12,Product B,10.13,32
2024-03-13,Product B,9.93,34
2024-03-14,Product B,10.1,38
2024-03-15,Product B,9.86,46
2024-03-16,Product B,10.11,62
2024-03-17,Product B,9.96,62
2024-03-18,Product B,9.9,25
2024-03-19,Product B,9.98,33
2024-03-20,Product B,10.03,37
2024-03-21,Product B,9.95,40
2024-03-22,Product B,10.06,43
2024-03-23,Product B,9.94,59
2024-03-24,Product B,10.06,62
2024-03-25,Product B,10.04,37
2024-03-26,Product B,9.99,29
2024-03-27,Product B,9.96,32
2024-03-28,Product B,10.02,36
2024-03-29,Product B,10.06,43
2024-03-30,Product B,10.21,53
2024-03-31,Product B,10.09,51
2024-04-01,Product B,10.1,28
2024-04-02,Product B,10.31,33
2024-04-03,Product B,10.05,32
2024-04-04,Product B,10.05,43
2024-04-05,Product B,10.07,44
2024-04-06,Product B,9.9,59
2024-04-07,Product B,9.96,60
2024-04-08,Product B,9.95,32
2024-04-09,Product B,10.06,32
2024-04-10,Product B,9.98,37
2024-04-11,Product B,10.01,37
2024-04-12,Product B,10.11,46
2024-04-13,Product B,10.09,56
2024-04-14,Product B,9.98,58
2024-04-15,Product B,9.93,30
2024-04-16,Product B,10.11,38
2024-04-17,Product B,10.08,32
2024-04-18,Product B,9.84,38
2024-04-19,Product B,9.97,47
2024-04-20,Product B,10.02,58
2024-04-21,Product B,10.08,58
2024-04-22,Product B,10.09,22
2024-04-23,Product B,10.03,32
2024-04-24,Product B,10.06,26
2024-04-25,Product B,10.01,40
2024-04-26,Product B,9.93,44
2024-04-27,Product B,9.97,57
2024-04-28,Product B,10.0,54
2024-04-29,Product B,10.0,24
2024-04-30,Product B,9.81,31
2024-05-01,Product B,9.96,32
2024-05-02,Product B,10.01,34
2024-05-03,Product B,9.97,42
2024-05-04,Product B,9.98,61
2024-05-05,Product B,10.05,58
2024-05-06,Product B,9.89,31
2024-05-07,Product B,9.84,32
2024-05-08,Product B,9.97,36
2024-05-09,Product B,10.08,34
2024-05-10,Product B,10.17,35
2024-05-11,Product B,10.08,51
2024-05-12,Product B,9.85,57
2024-05-13,Product B,9.98,24
2024-05-14,Product B,10.03,28
2024-05-15,Product B,10.02,28
2024-05-16,Product B,10.05,38
2024-05-17,Product B,9.91,43
2024-05-18,Product B,10.01,52
2024-05-19,Product B,10.04,55
2024-05-20,Product B,10.08,26
2024-05-21,Product B,9.92,29
2024-05-22,Product B,9.97,26
2024-05-23,Product B,9.73,26
2024-05-24,Product B,9.94,40
2024-05-25,Product B,9.95,50
2024-05-26,Product B,9.9,55
2024-05-27,Product B,10.02,30
2024-05-28,Product B,9.99,32
2024-05-29,Product B,9.77,26
2024-05-30,Product B,10.02,31
2024-05-31,Product B,9.91,39
2024-06-01,Product B,10.05,55
2024-06-02,Product B,9.87,54
2024-06-03,Product B,10.0,28
2024-06-04,Product B,9.97,25
2024-06-05,Product B,10.03,25
2024-06-06,Product B,10.01,33
2024-06-07,Product B,9.97,33
2024-06-08,Product B,9.85,45
2024-06-09,Product B,9.85,48
2024-06-10,Product B,9.94,29
2024-06-11,Product B,10.0,24
2024-06-12,Product B,9.94,19
2024-06-13,Product B,10.06,31
2024-06-14,Product B,9.97,33
2024-06-15,Product B,9.9,44
2024-06-16,Product B,9.97,46
2024-06-17,Product B,10.02,22
2024-06-18,Product B,10.03,27
2024-06-19,Product B,10.19,21
2024-06-20,Product B,9.93,27
2024-06-21,Product B,9.99,36
2024-06-22,Product B,10.04,40
2024-06-23,Product B,10.0,39
2024-06-24,Product B,9.95,24
2024-06-25,Product B,9.85,27
2024-06-26,Product B,9.95,24
2024-06-27,Product B,9.89,21
2024-06-28,Product B,9.83,34
2024-06-29,Product B,9.92,35
2024-06-30,Product B,9.9,43
2024-07-01,Product B,10.06,18
2024-07-02,Product B,10.06,19
2024-07-03,Product B,9.91,22
2024-07-04,Product B,9.97,25
2024-07-05,Product B,9.81,29
2024-07-06,Product B,9.95,40
2024-07-07,Product B,10.04,39
2024-07-08,Product B,10.08,23
2024-07-09,Product B,9.93,22
2024-07-10,Product B,10.11,20
2024-07-11,Product B,9.85,22
2024-07-12,Product B,9.88,24
2024-07-13,Product B,10.07,37
2024-07-14,Product B,10.17,37
2024-07-15,Product B,10.05,12
2024-07-16,Product B,10.0,18
2024-07-17,Product B,9.78,18
2024-07-18,Product B,9.8,28
2024-07-19,Product B,10.01,22
2024-07-20,Product B,9.96,30
2024-07-21,Product B,9.89,39
2024-07-22,Product B,10.01,22
2024-07-23,Product B,10.01,17
2024-07-24,Product B,10.09,18
2024-07-25,Product B,10.01,24
2024-07-26,Product B,10.12,19
2024-07-27,Product B,10.0,27
2024-07-28,Product B,9.99,33
2024-07-29,Product B,10.11,22
2024-07-30,Product B,9.9,17
2024-07-31,Product B,10.28,19
2024-08-01,Product B,10.04,24
2024-08-02,Product B,10.04,31
2024-08-03,Product B,10.05,29
2024-08-04,Product B,10.19,32
2024-08-05,Product B,10.08,22
2024-08-06,Product B,9.84,12
2024-08-07,Product B,10.14,21
2024-08-08,Product B,9.97,17
2024-08-09,Product B,10.01,24
2024-08-10,Product B,9.87,28
2024-08-11,Product B,10.05,28
2024-08-12,Product B,9.93,12
2024-08-13,Product B,10.01,17
2024-08-14,Product B,9.97,20
2024-08-15,Product B,10.19,18
2024-08-16,Product B,10.2,22
2024-08-17,Product B,10.0,29
2024-08-18,Product B,10.01,26
2024-08-19,Product B,9.96,17
2024-08-20,Product B,10.11,18
2024-08-21,Product B,9.97,24
2024-08-22,Product B,9.96,17
2024-08-23,Product B,10.1,20
2024-08-24,Product B,9.95,29
2024-08-25,Product B,10.0,30
2024-08-26,Product B,9.84,12
2024-08-27,Product B,10.07,13
2024-08-28,Product B,10.19,17
2024-08-29,Product B,10.07,15
2024-08-30,Product B,10.15,19
2024-08-31,Product B,9.92,26
2024-09-01,Product B,10.02,30
2024-09-02,Product B,9.91,12
2024-09-03,Product B,9.98,9
2024-09-04,Product B,10.08,9
2024-09-05,Product B,10.01,13
2024-09-06,Product B,9.86,16
2024-09-07,Product B,9.87,24
2024-09-08,Product B,9.86,22
2024-09-09,Product B,10.05,11
2024-09-10,Product B,10.21,11
2024-09-11,Product B,10.14,13
2024-09-12,Product B,9.81,20
2024-09-13,Product B,10.14,21
2024-09-14,Product B,10.09,24
2024-09-15,Product B,9.85,24
2024-09-16,Product B,9.97,11
2024-09-17,Product B,10.11,14
2024-09-18,Product B,10.06,16
2024-09-19,Product B,9.87,13
2024-09-20,Product B,10.06,19
2024-09-21,Product B,9.79,17
2024-09-22,Product B,9.98,25
2024-09-23,Product B,10.11,15
2024-09-24,Product B,10.0,12
2024-09-25,Product B,9.95,19
2024-09-26,Product B,10.09,13
2024-09-27,Product B,10.1,19
2024-09-28,Product B,10.13,23
2024-09-29,Product B,10.09,24
2024-09-30,Product B,10.11,12
2024-10-01,Product B,10.07,13
2024-10-02,Product B,10.03,16
2024-10-03,Product B,10.01,19
2024-10-04,Product B,9.98,18
2024-10-05,Product B,9.88,25
2024-10-06,Product B,9.9,22
2024-10-07,Product B,9.97,14
2024-10-08,Product B,10.02,11
2024-10-09,Product B,10.14,17
2024-10-10,Product B,10.0,22
2024-10-11,Product B,10.1,18
2024-10-12,Product B,10.11,16
2024-10-13,Product B,9.98,23
2024-10-14,Product B,10.06,16
2024-10-15,Product B,9.98,15
2024-10-16,Product B,10.13,15
2024-10-17,Product B,10.06,18
2024-10-18,Product B,9.88,20
2024-10-19,Product B,10.02,27
2024-10-20,Product B,10.16,28
2024-10-21,Product B,9.98,17
2024-10-22,Product B,10.04,14
2024-10-23,Product B,10.05,17
2024-10-24,Product B,9.9,15
2024-10-25,Product B,10.05,17
2024-10-26,Product B,9.86,29
2024-10-27,Product B,9.94,26
2024-10-28,Product B,10.11,15
2024-10-29,Product B,10.04,14
2024-10-30,Product B,9.97,13
2024-10-31,Product B,10.04,16
2024-11-01,Product B,9.99,24
2024-11-02,Product B,10.0,26
2024-11-03,Product B,10.07,21
2024-11-04,Product B,9.93,13
2024-11-05,Product B,10.0,19
2024-11-06,Product B,9.97,14
2024-11-07,Product B,9.84,11
2024-11-08,Product B,9.91,26
2024-11-09,Product B,10.16,27
2024-11-10,Product B,10.04,27
2024-11-11,Product B,9.87,13
2024-11-12,Product B,9.85,18
2024-11-13,Product B,9.99,14
2024-11-14,Product B,10.16,21
2024-11-15,Product B,9.98,23
2024-11-16,Product B,10.13,27
2024-11-17,Product B,10.04,29
2024-11-18,Product B,10.05,14
2024-11-19,Product B,9.87,18
2024-11-20,Product B,10.09,14
2024-11-21,Product B,9.97,13
2024-11-22,Product B,10.09,24
2024-11-23,Product B,9.92,30
2024-11-24,Product B,10.02,31
2024-11-25,Product B,10.04,16
2024-11-26,Product B,9.98,15
2024-11-27,Product B,10.04,19
2024-11-28,Product B,9.97,19
2024-11-29,Product B,9.94,22
2024-11-30,Product B,10.16,28
2024-12-01,Product B,10.1,37
2024-12-02,Product B,9.92,11
2024-12-03,Product B,10.06,18
2024-12-04,Product B,9.93,13
2024-12-05,Product B,9.88,20
2024-12-06,Product B,10.1,23
2024-12-07,Product B,9.83,24
2024-12-08,Product B,10.09,34
2024-12-09,Product B,9.97,15
2024-12-10,Product B,9.98,11
2024-12-11,Product B,10.04,21
2024-12-12,Product B,10.06,25
2024-12-13,Product B,9.92,30
2024-12-14,Product B,10.07,33
2024-12-15,Product B,10.01,35
2024-12-16,Product B,9.87,21
2024-12-17,Product B,9.98,24
2024-12-18,Product B,10.14,23
2024-12-19,Product B,10.17,19
2024-12-20,Product B,10.07,28
2024-12-21,Product B,9.88,35
2024-12-22,Product B,10.05,31
2024-12-23,Product B,10.09,20
2024-12-24,Product B,10.07,26
2024-12-25,Product B,10.08,23
2024-12-26,Product B,10.04,28
2024-12-27,Product B,9.99,29
2024-12-28,Product B,9.94,35
2024-12-29,Product B,9.81,39
2024-12-30,Product B,10.03,17
2024-12-31,Product B,10.02,18
2025-01-01,Product B,10.06,26
2025-01-02,Product B,9.87,28
2025-01-03,Product B,10.06,26
2025-01-04,Product B,10.21,40
2025-01-05,Product B,10.01,40
2025-01-06,Product B,9.99,21
2025-01-07,Product B,10.03,23
2025-01-08,Product B,10.2,26
2025-01-09,Product B,9.9,26
2025-01-10,Product B,10.02,35
2025-01-11,Product B,9.92,40
2025-01-12,Product B,9.95,43
2025-01-13,Product B,10.0,18
2025-01-14,Product B,10.13,29
2025-01-15,Product B,10.18,25
2025-01-16,Product B,10.04,29
2025-01-17,Product B,9.96,27
2025-01-18,Product B,10.25,38
2025-01-19,Product B,9.96,47
2025-01-20,Product B,9.94,23
2025-01-21,Product B,9.82,18
2025-01-22,Product B,10.14,28
2025-01-23,Product B,10.1,26
2025-01-24,Product B,10.24,38
2025-01-25,Product B,9.86,42
2025-01-26,Product B,10.15,46
2025-01-27,Product B,10.01,26
2025-01-28,Product B,10.08,21
2025-01-29,Product B,9.84,23
2025-01-30,Product B,10.15,28
2025-01-31,Product B,10.08,37
2025-02-01,Product B,10.0,39
2025-02-02,Product B,10.06,42
2025-02-03,Product B,9.92,26
2025-02-04,Product B,9.94,23
2025-02-05,Product B,9.95,25
2025-02-06,Product B,9.81,24
2025-02-07,Product B,10.09,34
2025-02-08,Product B,10.12,45
2025-02-09,Product B,9.93,51
2025-02-10,Product B,10.03,22
2025-02-11,Product B,9.97,31
2025-02-12,Product B,10.03,25
2025-02-13,Product B,9.94,28
2025-02-14,Product B,9.91,41
2025-02-15,Product B,10.11,47
2025-02-16,Product B,9.99,48
2025-02-17,Product B,10.2,24
2025-02-18,Product B,10.0,30
2025-02-19,Product B,9.91,32
2025-02-20,Product B,10.12,29
2025-02-21,Product B,10.06,38
2025-02-22,Product B,10.07,48
2025-02-23,Product B,10.12,48
2025-02-24,Product B,9.93,25
2025-02-25,Product B,9.99,27
2025-02-26,Product B,9.98,32
2025-02-27,Product B,9.87,36
2025-02-28,Product B,9.97,37
2025-03-01,Product B,10.13,48
2025-03-02,Product B,10.02,54
2025-03-03,Product B,9.87,24
2025-03-04,Product B,9.84,29
2025-03-05,Product B,10.17,29
2025-03-06,Product B,9.99,30
2025-03-07,Product B,9.94,36
2025-03-08,Product B,9.97,53
2025-03-09,Product B,9.85,52
2025-03-10,Product B,10.14,31
2025-03-11,Product B,9.96,26
2025-03-12,Product B,10.14,30
2025-03-13,Product B,10.01,40
2025-03-14,Product B,10.14,36
2025-03-15,Product B,10.03,44
2025-03-16,Product B,10.09,57
2025-03-17,Product B,10.07,24
2025-03-18,Product B,10.06,28
2025-03-19,Product B,10.03,28
2025-03-20,Product B,9.98,34
2025-03-21,Product B,10.19,37
2025-03-22,Product B,9.91,49
2025-03-23,Product B,10.0,55
2025-03-24,Product B,10.0,24
2025-03-25,Product B,10.04,26
2025-03-26,Product B,9.96,29
2025-03-27,Product B,10.03,29
2025-03-28,Product B,9.98,39
2025-03-29,Product B,9.84,50
2025-03-30,Product B,10.0,52
2025-03-31,Product B,9.89,26
2025-04-01,Product B,9.83,28
2025-04-02,Product B,10.01,28
2025-04-03,Product B,10.05,35
2025-04-04,Product B,10.05,44
2025-04-05,Product B,10.06,49
2025-04-06,Product B,9.81,55
2025-04-07,Product B,9.86,26
2025-04-08,Product B,10.2,29
2025-04-09,Product B,9.9,35
2025-04-10,Product B,10.06,35
2025-04-11,Product B,9.93,34
2025-04-12,Product B,10.01,51
2025-04-13,Product B,9.94,57
2025-04-14,Product B,10.06,26
2025-04-15,Product B,10.01,31
2025-04-16,Product B,9.96,28
2025-04-17,Product B,9.89,28
2025-04-18,Product B,10.03,40
2025-04-19,Product B,9.88,44
2025-04-20,Product B,10.04,52
2025-04-21,Product B,10.26,30
2025-04-22,Product B,10.14,22
2025-04-23,Product B,10.07,25
2025-04-24,Product B,9.99,29
2025-04-25,Product B,9.81,39
2025-04-26,Product B,9.87,47
2025-04-27,Product B,10.13,56
2025-04-28,Product B,9.92,29
2025-04-29,Product B,9.93,29
2025-04-30,Product B,9.98,29
2025-05-01,Product B,9.89,33
2025-05-02,Product B,9.88,35
2025-05-03,Product B,9.99,50
2025-05-04,Product B,9.91,47
2025-05-05,Product B,9.93,28
2025-05-06,Product B,9.92,30
2025-05-07,Product B,10.05,29
2025-05-08,Product B,9.98,31
2025-05-09,Product B,9.98,38
2025-05-10,Product B,10.06,38
2025-05-11,Product B,9.99,50
2025-05-12,Product B,9.97,24
2025-05-13,Product B,10.05,26
2025-05-14,Product B,10.07,30
2025-05-15,Product B,9.99,30
2025-05-16,Product B,10.01,33
2025-05-17,Product B,9.92,45
2025-05-18,Product B,9.91,48
2025-05-19,Product B,10.08,24
2025-05-20,Product B,10.04,26
2025-05-21,Product B,10.05,30
2025-05-22,Product B,10.03,26
2025-05-23,Product B,10.0,36
2025-05-24,Product B,10.07,48
2025-05-25,Product B,10.09,41
2025-05-26,Product B,10.09,24
2025-05-27,Product B,9.99,23
2025-05-28,Product B,10.14,25
2025-05-29,Product B,10.02,26
2025-05-30,Product B,10.06,33
2025-05-31,Product B,10.03,48
2025-06-01,Product B,10.02,41
2025-06-02,Product B,9.93,19
2025-06-03,Product B,10.07,20
2025-06-04,Product B,10.28,30
2025-06-05,Product B,9.96,26
2025-06-06,Product B,10.01,32
2025-06-07,Product B,9.96,39
2025-06-08,Product B,9.95,40
2025-06-09,Product B,10.15,21
2025-06-10,Product B,9.93,30
2025-06-11,Product B,9.95,28
2025-06-12,Product B,9.84,24
2025-06-13,Product B,9.92,33
2025-06-14,Product B,9.83,36
2025-06-15,Product B,10.06,36
2025-06-16,Product B,10.28,23
2025-06-17,Product B,9.96,25
2025-06-18,Product B,9.83,26
2025-06-19,Product B,10.09,23
2025-06-20,Product B,9.93,29
2025-06-21,Product B,10.13,39
2025-06-22,Product B,9.97,40
2025-06-23,Product B,9.94,18
2025-06-24,Product B,9.98,16
2025-06-25,Product B,10.08,22
2025-06-26,Product B,9.98,27
2025-06-27,Product B,9.95,25
2025-06-28,Product B,9.98,37
2025-06-29,Product B,9.87,38
2025-06-30,Product B,10.04,21
2025-07-01,Product B,9.82,22
2025-07-02,Product B,9.96,18
2025-07-03,Product B,10.08,17
2025-07-04,Product B,10.03,25
2025-07-05,Product B,10.06,36
2025-07-06,Product B,9.99,33
2025-07-07,Product B,10.12,15
2025-07-08,Product B,10.09,13
2025-07-09,Product B,10.04,24
2025-07-10,Product B,10.09,24
2025-07-11,Product B,10.08,27
2025-07-12,Product B,9.96,34
2025-07-13,Product B,9.87,35
2025-07-14,Product B,10.04,16
2025-07-15,Product B,10.05,17
2025-07-16,Product B,10.11,17
2025-07-17,Product B,9.91,28
2025-07-18,Product B,9.91,25
2025-07-19,Product B,10.05,28
2025-07-20,Product B,9.99,32
2025-07-21,Product B,9.81,12
2025-07-22,Product B,10.04,21
2025-07-23,Product B,9.81,15
2025-07-24,Product B,9.91,20
2025-07-25,Product B,10.14,25
2025-07-26,Product B,10.18,29
2025-07-27,Product B,9.88,29
2025-07-28,Product B,9.97,14
2025-07-29,Product B,10.0,15
2025-07-30,Product B,10.18,14
2025-07-31,Product B,9.95,16
2025-08-01,Product B,9.95,25
2025-08-02,Product B,10.15,25
2025-08-03,Product B,9.96,25
2025-08-04,Product B,10.07,12
2025-08-05,Product B,9.85,17
2025-08-06,Product B,9.98,17
2025-08-07,Product B,9.83,18
2025-08-08,Product B,9.89,19
2025-08-09,Product B,10.08,26
2025-08-10,Product B,10.0,23
2025-08-11,Product B,9.97,12
2025-08-12,Product B,9.93,16
2025-08-13,Product B,9.98,17
2025-08-14,Product B,10.03,12
2025-08-15,Product B,10.1,16
2025-08-16,Product B,9.74,23
2025-08-17,Product B,9.92,29
2025-08-18,Product B,10.02,6
2025-08-19,Product B,9.99,13
2025-08-20,Product B,10.04,9
2025-08-21,Product B,10.03,12
2025-08-22,Product B,9.97,16
2025-08-23,Product B,9.95,20
2025-08-24,Product B,9.98,21
2025-08-25,Product B,10.11,11
2025-08-26,Product B,9.93,10
2025-08-27,Product B,9.99,8
2025-08-28,Product B,10.02,16
2025-08-29,Product B,10.16,18
2025-08-30,Product B,9.97,23
2025-08-31,Product B,10.1,17
2025-09-01,Product B,10.12,11
2025-09-02,Product B,9.99,13
2025-09-03,Product B,9.98,9
2025-09-04,Product B,9.97,13
2025-09-05,Product B,9.97,15
2025-09-06,Product B,10.09,25
2025-09-07,Product B,10.02,26
2025-09-08,Product B,10.02,5
2025-09-09,Product B,9.89,18
2025-09-10,Product B,9.9,8
2025-09-11,Product B,10.21,15
2025-09-12,Product B,9.98,18
2025-09-13,Product B,9.92,15
2025-09-14,Product B,10.14,21
2025-09-15,Product B,10.03,9
2025-09-16,Product B,10.06,12
2025-09-17,Product B,9.99,11
2025-09-18,Product B,9.97,15
2025-09-19,Product B,9.98,14
2025-09-20,Product B,9.86,17
2025-09-21,Product B,9.99,22
2025-09-22,Product B,10.03,11
2025-09-23,Product B,10.19,12
2025-09-24,Product B,10.01,8
2025-09-25,Product B,9.77,8
2025-09-26,Product B,9.99,12
2025-09-27,Product B,10.27,15
2025-09-28,Product B,10.09,21
2025-09-29,Product B,9.92,12
2025-09-30,Product B,10.06,9
2025-10-01,Product B,9.93,15
2025-10-02,Product B,9.86,16
2025-10-03,Product B,9.97,14
2025-10-04,Product B,10.01,15
2025-10-05,Product B,9.81,23
2025-10-06,Product B,9.89,9
2025-10-07,Product B,10.0,10
2025-10-08,Product B,9.96,9
2025-10-09,Product B,10.04,9
2025-10-10,Product B,9.88,9
2025-10-11,Product B,10.07,19
2025-10-12,Product B,9.88,16
2025-10-13,Product B,10.16,18
2025-10-14,Product B,9.83,7
2025-10-15,Product B,9.89,7
2025-10-16,Product B,10.04,13
2025-10-17,Product B,10.17,19
2025-10-18,Product B,10.03,18
2025-10-19,Product B,10.06,20
2025-10-20,Product B,10.0,4
2025-10-21,Product B,9.9,8
2025-10-22,Product B,9.95,7
2025-10-23,Product B,9.88,6
2025-10-24,Product B,9.87,15
2025-10-25,Product B,10.04,11
2025-10-26,Product B,9.89,15
2025-10-27,Product B,10.03,8
2025-10-28,Product B,9.87,8
2025-10-29,Product B,10.03,12
2025-10-30,Product B,9.95,13
2025-10-31,Product B,10.14,18
2025-11-01,Product B,10.03,21
2025-11-02,Product B,10.12,24
2025-11-03,Product B,9.92,10
2025-11-04,Product B,10.01,12
2025-11-05,Product B,9.9,13
2025-11-06,Product B,9.96,13
2025-11-07,Product B,9.97,14
2025-11-08,Product B,9.93,19
2025-11-09,Product B,9.88,19
2025-11-10,Product B,9.86,12
2025-11-11,Product B,9.77,11
2025-11-12,Product B,9.89,10
2025-11-13,Product B,10.06,12
2025-11-14,Product B,9.84,13
2025-11-15,Product B,9.86,24
2025-11-16,Product B,10.18,22
2025-11-17,Product B,9.94,9
2025-11-18,Product B,10.03,14
2025-11-19,Product B,10.06,11
2025-11-20,Product B,10.07,10
2025-11-21,Product B,9.85,20
2025-11-22,Product B,9.98,20
2025-11-23,Product B,9.84,22
2025-11-24,Product B,10.24,12
2025-11-25,Product B,9.84,16
2025-11-26,Product B,9.9,14
2025-11-27,Product B,9.9,12
2025-11-28,Product B,9.85,20
2025-11-29,Product B,10.14,22
2025-11-30,Product B,10.24,31
2025-12-01,Product B,9.95,13
2025-12-02,Product B,9.87,7
2025-12-03,Product B,9.78,16
2025-12-04,Product B,9.98,22
2025-12-05,Product B,9.97,24
2025-12-06,Product B,9.93,30
2025-12-07,Product B,10.02,24
2025-12-08,Product B,10.04,16
2025-12-09,Product B,10.03,12
2025-12-10,Product B,9.97,16
2025-12-11,Product B,9.89,13
2025-12-12,Product B,10.07,19
2025-12-13,Product B,10.0,24
2025-12-14,Product B,10.09,31
2025-12-15,Product B,10.08,17
2025-12-16,Product B,9.86,16
2025-12-17,Product B,9.86,12
2025-12-18,Product B,9.92,17
2025-12-19,Product B,9.89,20
2025-12-20,Product B,10.08,31
2025-12-21,Product B,10.04,34
2025-12-22,Product B,10.11,18
2025-12-23,Product B,10.04,14
2025-12-24,Product B,10.02,9
2025-12-25,Product B,10.12,14
2025-12-26,Product B,10.05,28
2025-12-27,Product B,10.01,28
2025-12-28,Product B,10.15,30
2025-12-29,Product B,10.01,21
2025-12-30,Product B,9.97,21
2025-12-31,Product B,9.92,18
2026-01-01,Product B,10.07,20
2026-01-02,Product B,10.12,24
2026-01-03,Product B,9.99,32
2026-01-04,Product B,10.13,38
2026-01-05,Product B,9.8,18
2026-01-06,Product B,9.99,20
2026-01-07,Product B,10.0,23
2026-01-08,Product B,9.93,18
2026-01-09,Product B,10.24,28
2026-01-10,Product B,9.99,32
2026-01-11,Product B,9.96,28
2026-01-12,Product B,10.0,11
2026-01-13,Product B,9.8,16
2026-01-14,Product B,9.92,22
2026-01-15,Product B,10.1,23
2026-01-16,Product B,9.94,28
2026-01-17,Product B,9.92,41
2026-01-18,Product B,10.13,33
2026-01-19,Product B,10.13,19
2026-01-20,Product B,10.05,21
2026-01-21,Product B,9.95,19
2026-01-22,Product B,9.98,24
2026-01-23,Product B,9.92,24
2026-01-24,Product B,9.9,41
2026-01-25,Product B,9.9,37
2026-01-26,Product B,9.94,26
2026-01-27,Product B,9.9,21
2026-01-28,Product B,9.84,25
2026-01-29,Product B,10.02,25
2026-01-30,Product B,10.02,30
2026-01-31,Product B,10.17,36
2026-02-01,Product B,9.93,41
2026-02-02,Product B,10.03,21
2026-02-03,Product B,10.03,19
2026-02-04,Product B,9.97,23
2026-02-05,Product B,10.07,24
2026-02-06,Product B,10.08,38
2026-02-07,Product B,10.03,39
2026-02-08,Product B,9.97,47
2026-02-09,Product B,9.96,21
2026-02-10,Product B,9.86,23
2026-02-11,Product B,9.92,20
2026-02-12,Product B,9.94,25
2026-02-13,Product B,9.89,33
2026-02-14,Product B,10.04,45
2026-02-15,Product B,10.12,44
2026-02-16,Product B,9.91,26
2026-02-17,Product B,10.03,25
2026-02-18,Product B,9.9,30
2026-02-19,Product B,9.97,27
2026-02-20,Product B,9.93,40
2026-02-21,Product B,10.06,40
2026-02-22,Product B,9.93,42
2026-02-23,Product B,10.1,19
2026-02-24,Product B,9.98,31
2026-02-25,Product B,9.94,28
2026-02-26,Product B,9.87,27
2023-06-03,Product C,9.97,70
2023-06-04,Product C,9.97,71
2023-06-05,Product C,9.93,97
2023-06-06,Product C,10.04,105
2023-06-07,Product C,10.02,90
2023-06-08,Product C,9.84,72
2023-06-09,Product C,9.83,68
2023-06-10,Product C,10.04,70
2023-06-11,Product C,9.92,55
2023-06-12,Product C,10.03,102
2023-06-13,Product C,10.08,88
2023-06-14,Product C,9.87,79
2023-06-15,Product C,9.86,78
2023-06-16,Product C,10.17,82
2023-06-17,Product C,10.04,66
2023-06-18,Product C,9.96,60
2023-06-19,Product C,9.91,103
2023-06-20,Product C,9.95,90
2023-06-21,Product C,9.88,72
2023-06-22,Product C,10.09,71
2023-06-23,Product C,9.92,68
2023-06-24,Product C,10.11,66
2023-06-25,Product C,9.96,48
2023-06-26,Product C,9.9,76
2023-06-27,Product C,9.96,73
2023-06-28,Product C,9.74,65
2023-06-29,Product C,9.99,64
2023-06-30,Product C,9.98,70
2023-07-01,Product C,10.08,60
2023-07-02,Product C,9.81,59
2023-07-03,Product C,10.12,76
2023-07-04,Product C,10.08,74
2023-07-05,Product C,10.13,75
2023-07-06,Product C,9.99,72
2023-07-07,Product C,10.1,57
2023-07-08,Product C,9.85,61
2023-07-09,Product C,10.07,73
2023-07-10,Product C,9.92,83
2023-07-11,Product C,9.83,70
2023-07-12,Product C,9.89,67
2023-07-13,Product C,10.0,66
2023-07-14,Product C,9.92,60
2023-07-15,Product C,10.04,57
2023-07-16,Product C,9.82,43
2023-07-17,Product C,9.79,73
2023-07-18,Product C,10.14,73
2023-07-19,Product C,10.09,65
2023-07-20,Product C,9.9,59
2023-07-21,Product C,10.0,58
2023-07-22,Product C,10.1,57
2023-07-23,Product C,10.04,60
2023-07-24,Product C,10.01,78
2023-07-25,Product C,10.11,75
2023-07-26,Product C,9.93,60
2023-07-27,Product C,10.0,66
2023-07-28,Product C,10.0,61
2023-07-29,Product C,9.97,61
2023-07-30,Product C,9.96,57
2023-07-31,Product C,10.01,81
2023-08-01,Product C,10.0,69
2023-08-02,Product C,9.9,65
2023-08-03,Product C,10.08,68
2023-08-04,Product C,9.9,51
2023-08-05,Product C,9.98,48
2023-08-06,Product C,9.97,51
2023-08-07,Product C,10.04,78
2023-08-08,Product C,9.79,61
2023-08-09,Product C,10.09,61
2023-08-10,Product C,9.93,57
2023-08-11,Product C,10.12,37
2023-08-12,Product C,9.95,50
2023-08-13,Product C,10.0,47
2023-08-14,Product C,10.19,71
2023-08-15,Product C,9.97,77
2023-08-16,Product C,10.12,50
2023-08-17,Product C,10.0,50
2023-08-18,Product C,10.04,33
2023-08-19,Product C,10.01,47
2023-08-20,Product C,10.08,44
2023-08-21,Product C,9.93,67
2023-08-22,Product C,9.9,73
2023-08-23,Product C,9.94,65
2023-08-24,Product C,10.01,56
2023-08-25,Product C,9.98,49
2023-08-26,Product C,10.07,58
2023-08-27,Product C,10.13,46
2023-08-28,Product C,9.9,63
2023-08-29,Product C,9.93,50
2023-08-30,Product C,9.86,54
2023-08-31,Product C,10.2,61
2023-09-01,Product C,10.03,70
2023-09-02,Product C,10.05,49
2023-09-03,Product C,9.87,39
2023-09-04,Product C,10.0,59
2023-09-05,Product C,10.05,67
2023-09-06,Product C,9.97,43
2023-09-07,Product C,10.11,58
2023-09-08,Product C,10.23,57
2023-09-09,Product C,9.91,51
2023-09-10,Product C,9.9,43
2023-09-11,Product C,9.91,72
2023-09-12,Product C,10.16,63
2023-09-13,Product C,10.1,50
2023-09-14,Product C,9.99,68
2023-09-15,Product C,10.0,48
2023-09-16,Product C,9.92,54
2023-09-17,Product C,10.09,25
2023-09-18,Product C,9.96,77
2023-09-19,Product C,9.97,73
2023-09-20,Product C,10.06,56
2023-09-21,Product C,9.98,58
2023-09-22,Product C,9.98,55
2023-09-23,Product C,10.0,42
2023-09-24,Product C,10.08,49
2023-09-25,Product C,10.16,61
2023-09-26,Product C,10.06,57
2023-09-27,Product C,10.08,65
2023-09-28,Product C,9.98,61
2023-09-29,Product C,9.93,45
2023-09-30,Product C,10.07,42
2023-10-01,Product C,10.02,40
2023-10-02,Product C,9.86,73
2023-10-03,Product C,9.97,54
2023-10-04,Product C,9.99,59
2023-10-05,Product C,9.95,59
2023-10-06,Product C,10.15,50
2023-10-07,Product C,10.05,56
2023-10-08,Product C,10.14,43
2023-10-09,Product C,10.03,66
2023-10-10,Product C,10.01,54
2023-10-11,Product C,9.91,65
2023-10-12,Product C,10.0,48
2023-10-13,Product C,10.0,54
2023-10-14,Product C,9.86,48
2023-10-15,Product C,9.95,37
2023-10-16,Product C,9.97,64
2023-10-17,Product C,10.04,74
2023-10-18,Product C,10.05,59
2023-10-19,Product C,9.94,47
2023-10-20,Product C,10.05,55
2023-10-21,Product C,9.98,48
2023-10-22,Product C,9.71,74
2023-10-23,Product C,9.95,72
2023-10-24,Product C,10.11,61
2023-10-25,Product C,9.83,70
2023-10-26,Product C,10.01,41
2023-10-27,Product C,10.16,54
2023-10-28,Product C,9.92,66
2023-10-29,Product C,10.0,47
2023-10-30,Product C,9.87,58
2023-10-31,Product C,10.16,63
2023-11-01,Product C,9.99,72
2023-11-02,Product C,10.0,60
2023-11-03,Product C,10.14,48
2023-11-04,Product C,10.07,46
2023-11-05,Product C,9.91,44
2023-11-06,Product C,9.94,76
2023-11-07,Product C,10.05,78
2023-11-08,Product C,9.94,70
2023-11-09,Product C,9.79,63
2023-11-10,Product C,9.99,45
2023-11-11,Product C,9.85,43
2023-11-12,Product C,10.16,55
2023-11-13,Product C,10.02,65
2023-11-14,Product C,9.91,68
2023-11-15,Product C,9.93,66
2023-11-16,Product C,9.81,52
2023-11-17,Product C,9.89,50
2023-11-18,Product C,10.1,54
2023-11-19,Product C,10.22,56
2023-11-20,Product C,10.07,87
2023-11-21,Product C,9.99,77
2023-11-22,Product C,9.96,66
2023-11-23,Product C,9.9,57
2023-11-24,Product C,10.21,51
2023-11-25,Product C,9.98,53
2023-11-26,Product C,10.21,57
2023-11-27,Product C,10.14,84
2023-11-28,Product C,9.83,58
2023-11-29,Product C,9.93,62
2023-11-30,Product C,9.93,75
2023-12-01,Product C,9.99,63
2023-12-02,Product C,9.99,47
2023-12-03,Product C,10.3,74
2023-12-04,Product C,9.89,84
2023-12-05,Product C,10.02,80
2023-12-06,Product C,10.06,74
2023-12-07,Product C,10.0,64
2023-12-08,Product C,10.01,58
2023-12-09,Product C,9.9,78
2023-12-10,Product C,10.01,66
2023-12-11,Product C,10.05,93
2023-12-12,Product C,10.03,85
2023-12-13,Product C,10.06,65
2023-12-14,Product C,10.14,80
2023-12-15,Product C,10.09,60
2023-12-16,Product C,10.01,65
2023-12-17,Product C,9.88,47
2023-12-18,Product C,9.94,74
2023-12-19,Product C,9.98,86
2023-12-20,Product C,10.03,69
2023-12-21,Product C,9.95,56
2023-12-22,Product C,9.91,73
2023-12-23,Product C,9.88,82
2023-12-24,Product C,9.83,73
2023-12-25,Product C,9.98,91
2023-12-26,Product C,9.85,86
2023-12-27,Product C,9.9,86
2023-12-28,Product C,9.96,84
2023-12-29,Product C,9.87,69
2023-12-30,Product C,10.04,68
2023-12-31,Product C,10.07,67
2024-01-01,Product C,9.95,101
2024-01-02,Product C,9.96,88
2024-01-03,Product C,10.05,80
2024-01-04,Product C,9.93,89
2024-01-05,Product C,9.92,84
2024-01-06,Product C,10.12,74
2024-01-07,Product C,10.09,80
2024-01-08,Product C,10.06,97
2024-01-09,Product C,10.09,105
2024-01-10,Product C,9.8,88
2024-01-11,Product C,10.14,106
2024-01-12,Product C,10.04,67
2024-01-13,Product C,10.1,67
2024-01-14,Product C,10.04,72
2024-01-15,Product C,10.0,106
2024-01-16,Product C,9.97,111
2024-01-17,Product C,10.04,81
2024-01-18,Product C,9.97,90
2024-01-19,Product C,10.09,88
2024-01-20,Product C,9.84,80
2024-01-21,Product C,9.95,63
2024-01-22,Product C,10.2,118
2024-01-23,Product C,9.94,108
2024-01-24,Product C,9.98,94
2024-01-25,Product C,9.91,87
2024-01-26,Product C,10.03,83
2024-01-27,Product C,9.93,76
2024-01-28,Product C,9.98,78
2024-01-29,Product C,10.08,110
2024-01-30,Product C,9.93,94
2024-01-31,Product C,10.08,84
2024-02-01,Product C,10.08,82
2024-02-02,Product C,10.11,85
2024-02-03,Product C,10.01,79
2024-02-04,Product C,10.32,76
2024-02-05,Product C,10.11,116
2024-02-06,Product C,10.03,98
2024-02-07,Product C,9.91,106
2024-02-08,Product C,9.99,88
2024-02-09,Product C,10.14,82
2024-02-10,Product C,10.17,85
2024-02-11,Product C,10.15,62
2024-02-12,Product C,10.08,109
2024-02-13,Product C,9.87,114
2024-02-14,Product C,10.05,83
2024-02-15,Product C,9.88,101
2024-02-16,Product C,9.85,100
2024-02-17,Product C,10.02,80
2024-02-18,Product C,10.05,80
2024-02-19,Product C,10.09,127
2024-02-20,Product C,10.05,104
2024-02-21,Product C,10.05,105
2024-02-22,Product C,9.9,88
2024-02-23,Product C,9.99,85
2024-02-24,Product C,9.85,78
2024-02-25,Product C,9.8,82
2024-02-26,Product C,10.07,129
2024-02-27,Product C,9.92,109
2024-02-28,Product C,10.09,90
2024-02-29,Product C,10.11,87
2024-03-01,Product C,9.94,94
2024-03-02,Product C,10.06,101
2024-03-03,Product C,9.93,84
2024-03-04,Product C,9.82,119
2024-03-05,Product C,10.01,118
2024-03-06,Product C,9.95,100
2024-03-07,Product C,9.96,94
2024-03-08,Product C,10.2,84
2024-03-09,Product C,9.85,98
2024-03-10,Product C,10.04,62
2024-03-11,Product C,9.9,130
2024-03-12,Product C,10.09,110
2024-03-13,Product C,10.03,100
2024-03-14,Product C,10.04,112
2024-03-15,Product C,9.91,87
2024-03-16,Product C,9.92,83
2024-03-17,Product C,10.09,82
2024-03-18,Product C,10.18,128
2024-03-19,Product C,10.05,111
2024-03-20,Product C,9.91,92
2024-03-21,Product C,10.03,92
2024-03-22,Product C,10.24,104
2024-03-23,Product C,10.01,89
2024-03-24,Product C,10.15,87
2024-03-25,Product C,9.93,123
2024-03-26,Product C,10.0,110
2024-03-27,Product C,10.06,118
2024-03-28,Product C,10.04,98
2024-03-29,Product C,9.92,91
2024-03-30,Product C,9.92,98
2024-03-31,Product C,10.1,78
2024-04-01,Product C,10.12,121
2024-04-02,Product C,10.15,116
2024-04-03,Product C,10.18,105
2024-04-04,Product C,10.01,102
2024-04-05,Product C,9.97,112
2024-04-06,Product C,10.14,92
2024-04-07,Product C,10.07,65
2024-04-08,Product C,9.9,129
2024-04-09,Product C,9.9,116
2024-04-10,Product C,10.05,106
2024-04-11,Product C,9.98,102
2024-04-12,Product C,10.0,95
2024-04-13,Product C,10.11,89
2024-04-14,Product C,10.08,89
2024-04-15,Product C,10.13,122
2024-04-16,Product C,9.81,108
2024-04-17,Product C,10.03,129
2024-04-18,Product C,10.07,94
2024-04-19,Product C,9.85,95
2024-04-20,Product C,9.93,77
2024-04-21,Product C,9.92,85
2024-04-22,Product C,10.0,118
2024-04-23,Product C,10.16,112
2024-04-24,Product C,10.2,113
2024-04-25,Product C,9.92,103
2024-04-26,Product C,10.05,99
2024-04-27,Product C,10.06,75
2024-04-28,Product C,10.04,98
2024-04-29,Product C,10.04,116
2024-04-30,Product C,10.03,127
2024-05-01,Product C,10.17,112
2024-05-02,Product C,10.11,103
2024-05-03,Product C,9.89,87
2024-05-04,Product C,10.08,89
2024-05-05,Product C,10.09,79
2024-05-06,Product C,10.03,124
2024-05-07,Product C,10.11,112
2024-05-08,Product C,10.02,87
2024-05-09,Product C,10.02,107
2024-05-10,Product C,10.01,92
2024-05-11,Product C,9.8,83
2024-05-12,Product C,9.99,78
2024-05-13,Product C,9.93,126
2024-05-14,Product C,9.88,105
2024-05-15,Product C,10.14,84
2024-05-16,Product C,10.05,100
2024-05-17,Product C,10.0,96
2024-05-18,Product C,9.94,85
2024-05-19,Product C,10.03,72
2024-05-20,Product C,10.1,122
2024-05-21,Product C,9.92,99
2024-05-22,Product C,10.0,92
2024-05-23,Product C,10.09,89
2024-05-24,Product C,9.81,97
2024-05-25,Product C,9.99,82
2024-05-26,Product C,9.96,76
2024-05-27,Product C,9.99,135
2024-05-28,Product C,9.95,112
2024-05-29,Product C,10.01,102
2024-05-30,Product C,10.19,91
2024-05-31,Product C,9.97,84
2024-06-01,Product C,10.03,66
2024-06-02,Product C,10.2,86
2024-06-03,Product C,9.94,121
2024-06-04,Product C,10.18,106
2024-06-05,Product C,10.0,96
2024-06-06,Product C,10.18,98
2024-06-07,Product C,10.08,75
2024-06-08,Product C,10.03,77
2024-06-09,Product C,9.99,68
2024-06-10,Product C,9.94,129
2024-06-11,Product C,10.01,112
2024-06-12,Product C,10.09,78
2024-06-13,Product C,10.0,78
2024-06-14,Product C,9.97,84
2024-06-15,Product C,9.97,77
2024-06-16,Product C,10.1,65
2024-06-17,Product C,10.12,128
2024-06-18,Product C,9.93,106
2024-06-19,Product C,9.93,97
2024-06-20,Product C,10.04,83
2024-06-21,Product C,10.15,89
2024-06-22,Product C,10.11,76
2024-06-23,Product C,9.87,72
2024-06-24,Product C,9.97,115
2024-06-25,Product C,9.91,88
2024-06-26,Product C,9.97,104
2024-06-27,Product C,10.16,88
2024-06-28,Product C,9.86,92
2024-06-29,Product C,9.84,68
2024-06-30,Product C,9.92,65
2024-07-01,Product C,10.03,99
2024-07-02,Product C,10.06,101
2024-07-03,Product C,10.04,90
2024-07-04,Product C,10.12,81
2024-07-05,Product C,9.82,72
2024-07-06,Product C,10.12,65
2024-07-07,Product C,9.97,70
2024-07-08,Product C,10.07,102
2024-07-09,Product C,9.87,91
2024-07-10,Product C,10.0,100
2024-07-11,Product C,10.02,82
2024-07-12,Product C,10.12,88
2024-07-13,Product C,9.84,69
2024-07-14,Product C,10.0,71
2024-07-15,Product C,9.89,103
2024-07-16,Product C,10.05,81
2024-07-17,Product C,10.08,97
2024-07-18,Product C,10.13,80
2024-07-19,Product C,9.95,82
2024-07-20,Product C,10.09,66
2024-07-21,Product C,10.14,66
2024-07-22,Product C,9.84,94
2024-07-23,Product C,10.06,102
2024-07-24,Product C,10.1,86
2024-07-25,Product C,9.97,82
2024-07-26,Product C,9.88,85
2024-07-27,Product C,10.09,79
2024-07-28,Product C,9.88,72
2024-07-29,Product C,9.98,87
2024-07-30,Product C,10.0,84
2024-07-31,Product C,10.07,73
2024-08-01,Product C,9.94,83
2024-08-02,Product C,9.93,74
2024-08-03,Product C,10.01,58
2024-08-04,Product C,10.1,63
2024-08-05,Product C,10.23,84
2024-08-06,Product C,9.85,88
2024-08-07,Product C,10.03,67
2024-08-08,Product C,9.89,80
2024-08-09,Product C,10.1,74
2024-08-10,Product C,9.91,83
2024-08-11,Product C,9.93,70
2024-08-12,Product C,9.94,91
2024-08-13,Product C,9.99,93
2024-08-14,Product C,10.03,67
2024-08-15,Product C,10.05,67
2024-08-16,Product C,10.0,73
2024-08-17,Product C,9.87,49
2024-08-18,Product C,10.07,62
2024-08-19,Product C,9.99,85
2024-08-20,Product C,10.12,86
2024-08-21,Product C,9.93,68
2024-08-22,Product C,9.84,76
2024-08-23,Product C,10.0,69
2024-08-24,Product C,10.13,76
2024-08-25,Product C,10.02,61
2024-08-26,Product C,9.98,85
2024-08-27,Product C,9.91,82
2024-08-28,Product C,10.18,65
2024-08-29,Product C,9.9,75
2024-08-30,Product C,9.93,73
2024-08-31,Product C,10.06,84
2024-09-01,Product C,9.81,55
2024-09-02,Product C,10.13,88
2024-09-03,Product C,10.06,78
2024-09-04,Product C,10.09,77
2024-09-05,Product C,10.06,74
2024-09-06,Product C,9.98,67
2024-09-07,Product C,9.89,72
2024-09-08,Product C,9.99,55
2024-09-09,Product C,9.9,97
2024-09-10,Product C,10.05,86
2024-09-11,Product C,10.08,74
2024-09-12,Product C,10.15,68
2024-09-13,Product C,10.04,86
2024-09-14,Product C,10.09,57
2024-09-15,Product C,9.97,62
2024-09-16,Product C,9.95,83
2024-09-17,Product C,10.05,96
2024-09-18,Product C,9.96,81
2024-09-19,Product C,10.03,65
2024-09-20,Product C,9.89,71
2024-09-21,Product C,9.91,65
2024-09-22,Product C,10.06,55
2024-09-23,Product C,10.09,95
2024-09-24,Product C,9.9,85
2024-09-25,Product C,10.07,76
2024-09-26,Product C,9.95,70
2024-09-27,Product C,10.0,70
2024-09-28,Product C,10.14,65
2024-09-29,Product C,10.08,60
2024-09-30,Product C,10.08,84
2024-10-01,Product C,10.19,95
2024-10-02,Product C,9.93,66
2024-10-03,Product C,9.9,74
2024-10-04,Product C,9.93,64
2024-10-05,Product C,9.97,77
2024-10-06,Product C,9.76,52
2024-10-07,Product C,9.98,84
2024-10-08,Product C,9.95,75
2024-10-09,Product C,10.08,77
2024-10-10,Product C,10.04,60
2024-10-11,Product C,9.94,64
2024-10-12,Product C,10.06,47
2024-10-13,Product C,10.07,62
2024-10-14,Product C,9.92,87
2024-10-15,Product C,9.95,71
2024-10-16,Product C,9.78,84
2024-10-17,Product C,9.89,62
2024-10-18,Product C,9.93,75
2024-10-19,Product C,10.01,59
2024-10-20,Product C,9.91,74
2024-10-21,Product C,9.95,98
2024-10-22,Product C,9.88,76
2024-10-23,Product C,10.02,69
2024-10-24,Product C,10.04,78
2024-10-25,Product C,10.04,67
2024-10-26,Product C,10.0,64
2024-10-27,Product C,9.85,72
2024-10-28,Product C,9.94,87
2024-10-29,Product C,9.96,87
2024-10-30,Product C,9.96,86
2024-10-31,Product C,10.01,81
2024-11-01,Product C,10.14,69
2024-11-02,Product C,10.08,65
2024-11-03,Product C,9.9,49
2024-11-04,Product C,10.07,87
2024-11-05,Product C,10.06,90
2024-11-06,Product C,9.92,79
2024-11-07,Product C,10.08,77
2024-11-08,Product C,9.98,81
2024-11-09,Product C,9.86,59
2024-11-10,Product C,10.05,63
2024-11-11,Product C,10.02,99
2024-11-12,Product C,9.98,84
2024-11-13,Product C,10.0,93
2024-11-14,Product C,9.93,85
2024-11-15,Product C,10.06,76
2024-11-16,Product C,10.0,85
2024-11-17,Product C,10.02,54
2024-11-18,Product C,10.04,100
2024-11-19,Product C,9.88,95
2024-11-20,Product C,9.91,76
2024-11-21,Product C,9.78,82
2024-11-22,Product C,10.06,67
2024-11-23,Product C,9.88,78
2024-11-24,Product C,10.01,76
2024-11-25,Product C,10.04,105
2024-11-26,Product C,10.06,79
2024-11-27,Product C,9.88,78
2024-11-28,Product C,9.99,87
2024-11-29,Product C,10.17,78
2024-11-30,Product C,10.17,52
2024-12-01,Product C,10.1,80
2024-12-02,Product C,10.03,106
2024-12-03,Product C,9.9,90
2024-12-04,Product C,10.07,96
2024-12-05,Product C,9.98,79
2024-12-06,Product C,10.06,75
2024-12-07,Product C,9.94,79
2024-12-08,Product C,9.98,86
2024-12-09,Product C,10.02,121
2024-12-10,Product C,10.02,103
2024-12-11,Product C,10.05,95
2024-12-12,Product C,9.94,93
2024-12-13,Product C,9.87,73
2024-12-14,Product C,10.16,83
2024-12-15,Product C,10.25,68
2024-12-16,Product C,10.04,114
2024-12-17,Product C,9.87,101
2024-12-18,Product C,9.92,98
2024-12-19,Product C,10.05,90
2024-12-20,Product C,10.13,60
2024-12-21,Product C,9.88,82
2024-12-22,Product C,9.99,81
2024-12-23,Product C,10.02,118
2024-12-24,Product C,10.09,105
2024-12-25,Product C,9.97,110
2024-12-26,Product C,9.84,94
2024-12-27,Product C,10.06,91
2024-12-28,Product C,10.11,91
2024-12-29,Product C,9.99,81
2024-12-30,Product C,10.04,111
2024-12-31,Product C,9.95,89
2025-01-01,Product C,9.92,95
2025-01-02,Product C,10.1,100
2025-01-03,Product C,10.04,87
2025-01-04,Product C,10.05,91
2025-01-05,Product C,10.15,82
2025-01-06,Product C,9.89,131
2025-01-07,Product C,9.94,109
2025-01-08,Product C,10.02,105
2025-01-09,Product C,9.94,101
2025-01-10,Product C,10.08,104
2025-01-11,Product C,9.98,74
2025-01-12,Product C,9.9,79
2025-01-13,Product C,10.01,131
2025-01-14,Product C,10.02,127
2025-01-15,Product C,10.09,106
2025-01-16,Product C,10.04,97
2025-01-17,Product C,10.05,101
2025-01-18,Product C,10.03,97
2025-01-19,Product C,9.98,82
2025-01-20,Product C,9.93,130
2025-01-21,Product C,10.03,127
2025-01-22,Product C,9.97,122
2025-01-23,Product C,10.17,108
2025-01-24,Product C,10.13,97
2025-01-25,Product C,10.06,91
2025-01-26,Product C,10.04,91
2025-01-27,Product C,9.99,130
2025-01-28,Product C,9.87,122
2025-01-29,Product C,9.98,101
2025-01-30,Product C,10.01,115
2025-01-31,Product C,10.02,90
2025-02-01,Product C,10.05,91
2025-02-02,Product C,10.09,90
2025-02-03,Product C,9.93,149
2025-02-04,Product C,9.93,119
2025-02-05,Product C,10.15,107
2025-02-06,Product C,10.08,102
2025-02-07,Product C,9.96,115
2025-02-08,Product C,9.99,74
2025-02-09,Product C,9.99,83
2025-02-10,Product C,10.0,158
2025-02-11,Product C,10.05,130
2025-02-12,Product C,10.25,105
2025-02-13,Product C,10.02,108
2025-02-14,Product C,10.07,104
2025-02-15,Product C,9.83,105
2025-02-16,Product C,9.95,107
2025-02-17,Product C,10.12,142
2025-02-18,Product C,10.04,123
2025-02-19,Product C,9.56,123
2025-02-20,Product C,10.07,105
2025-02-21,Product C,10.19,97
2025-02-22,Product C,9.8,85
2025-02-23,Product C,10.15,81
2025-02-24,Product C,9.72,134
2025-02-25,Product C,10.09,120
2025-02-26,Product C,10.0,121
2025-02-27,Product C,9.77,103
2025-02-28,Product C,10.04,82
2025-03-01,Product C,10.12,93
2025-03-02,Product C,10.04,91
2025-03-03,Product C,10.06,138
2025-03-04,Product C,9.96,144
2025-03-05,Product C,9.81,115
2025-03-06,Product C,10.07,121
2025-03-07,Product C,10.17,108
2025-03-08,Product C,10.11,102
2025-03-09,Product C,9.8,90
2025-03-10,Product C,9.85,144
2025-03-11,Product C,9.92,127
2025-03-12,Product C,9.84,122
2025-03-13,Product C,10.0,113
2025-03-14,Product C,10.04,102
2025-03-15,Product C,9.86,111
2025-03-16,Product C,10.08,101
2025-03-17,Product C,10.06,143
2025-03-18,Product C,9.95,135
2025-03-19,Product C,9.98,121
2025-03-20,Product C,9.81,109
2025-03-21,Product C,9.97,111
2025-03-22,Product C,10.0,99
2025-03-23,Product C,10.02,91
2025-03-24,Product C,10.04,134
2025-03-25,Product C,10.02,132
2025-03-26,Product C,9.97,127
2025-03-27,Product C,10.03,111
2025-03-28,Product C,10.1,131
2025-03-29,Product C,9.99,112
2025-03-30,Product C,10.03,109
2025-03-31,Product C,9.98,154
2025-04-01,Product C,9.94,151
2025-04-02,Product C,10.05,117
2025-04-03,Product C,9.94,97
2025-04-04,Product C,10.04,108
2025-04-05,Product C,10.0,110
2025-04-06,Product C,9.97,100
2025-04-07,Product C,9.97,151
2025-04-08,Product C,9.95,147
2025-04-09,Product C,9.84,127
2025-04-10,Product C,10.04,124
2025-04-11,Product C,10.02,104
2025-04-12,Product C,10.08,96
2025-04-13,Product C,9.95,112
2025-04-14,Product C,10.19,149
2025-04-15,Product C,9.96,131
2025-04-16,Product C,9.91,119
2025-04-17,Product C,9.9,112
2025-04-18,Product C,9.83,106
2025-04-19,Product C,10.15,95
2025-04-20,Product C,10.14,87
2025-04-21,Product C,10.06,146
2025-04-22,Product C,9.91,131
2025-04-23,Product C,10.18,132
2025-04-24,Product C,9.96,119
2025-04-25,Product C,9.97,113
2025-04-26,Product C,10.14,99
2025-04-27,Product C,10.07,97
2025-04-28,Product C,10.22,150
2025-04-29,Product C,10.02,141
2025-04-30,Product C,9.96,122
2025-05-01,Product C,9.94,125
2025-05-02,Product C,9.82,110
2025-05-03,Product C,9.97,110
2025-05-04,Product C,10.11,94
2025-05-05,Product C,10.06,132
2025-05-06,Product C,10.0,136
2025-05-07,Product C,9.9,128
2025-05-08,Product C,10.02,120
2025-05-09,Product C,10.1,113
2025-05-10,Product C,10.04,100
2025-05-11,Product C,10.02,90
2025-05-12,Product C,9.92,150
2025-05-13,Product C,10.09,136
2025-05-14,Product C,9.69,116
2025-05-15,Product C,10.04,123
2025-05-16,Product C,10.26,101
2025-05-17,Product C,9.85,97
2025-05-18,Product C,9.98,109
2025-05-19,Product C,10.0,151
2025-05-20,Product C,9.95,129
2025-05-21,Product C,10.1,122
2025-05-22,Product C,10.05,114
2025-05-23,Product C,10.02,85
2025-05-24,Product C,10.08,94
2025-05-25,Product C,10.0,94
2025-05-26,Product C,10.32,139
2025-05-27,Product C,10.02,132
2025-05-28,Product C,10.02,127
2025-05-29,Product C,9.83,109
2025-05-30,Product C,9.95,97
2025-05-31,Product C,10.11,102
2025-06-01,Product C,9.87,91
2025-06-02,Product C,9.78,139
2025-06-03,Product C,10.0,126
2025-06-04,Product C,10.14,134
2025-06-05,Product C,10.0,92
2025-06-06,Product C,9.97,101
2025-06-07,Product C,9.81,98
2025-06-08,Product C,10.05,86
2025-06-09,Product C,10.07,145
2025-06-10,Product C,9.82,132
2025-06-11,Product C,10.11,114
2025-06-12,Product C,10.08,106
2025-06-13,Product C,10.11,101
2025-06-14,Product C,10.06,96
2025-06-15,Product C,10.07,90
2025-06-16,Product C,10.05,134
2025-06-17,Product C,10.09,126
2025-06-18,Product C,9.82,118
2025-06-19,Product C,9.85,97
2025-06-20,Product C,9.93,92
2025-06-21,Product C,9.99,81
2025-06-22,Product C,10.04,96
2025-06-23,Product C,10.03,135
2025-06-24,Product C,10.11,126
2025-06-25,Product C,10.11,99
2025-06-26,Product C,9.91,119
2025-06-27,Product C,10.02,94
2025-06-28,Product C,9.92,94
2025-06-29,Product C,9.98,94
2025-06-30,Product C,10.03,123
2025-07-01,Product C,9.66,115
2025-07-02,Product C,10.24,110
2025-07-03,Product C,10.06,125
2025-07-04,Product C,9.94,99
2025-07-05,Product C,10.19,104
2025-07-06,Product C,9.97,95
2025-07-07,Product C,10.01,131
2025-07-08,Product C,9.95,109
2025-07-09,Product C,10.17,115
2025-07-10,Product C,9.99,89
2025-07-11,Product C,10.01,108
2025-07-12,Product C,10.12,91
2025-07-13,Product C,10.06,63
2025-07-14,Product C,9.99,123
2025-07-15,Product C,10.11,120
2025-07-16,Product C,10.25,102
2025-07-17,Product C,10.03,104
2025-07-18,Product C,10.01,86
2025-07-19,Product C,10.02,77
2025-07-20,Product C,10.13,82
2025-07-21,Product C,9.94,124
2025-07-22,Product C,9.97,110
2025-07-23,Product C,9.85,112
2025-07-24,Product C,9.88,90
2025-07-25,Product C,9.95,94
2025-07-26,Product C,9.99,87
2025-07-27,Product C,10.18,68
2025-07-28,Product C,10.05,110
2025-07-29,Product C,9.91,111
2025-07-30,Product C,9.93,116
2025-07-31,Product C,10.14,100
2025-08-01,Product C,10.11,76
2025-08-02,Product C,10.0,60
2025-08-03,Product C,9.96,85
2025-08-04,Product C,10.11,118
2025-08-05,Product C,9.9,118
2025-08-06,Product C,10.04,92
2025-08-07,Product C,10.23,96
2025-08-08,Product C,10.02,95
2025-08-09,Product C,9.92,80
2025-08-10,Product C,10.04,75
2025-08-11,Product C,9.95,117
2025-08-12,Product C,9.86,111
2025-08-13,Product C,10.07,97
2025-08-14,Product C,10.11,100
2025-08-15,Product C,9.97,83
2025-08-16,Product C,9.96,71
2025-08-17,Product C,9.9,93
2025-08-18,Product C,9.99,110
2025-08-19,Product C,9.94,101
2025-08-20,Product C,9.9,95
2025-08-21,Product C,10.19,91
2025-08-22,Product C,10.05,83
2025-08-23,Product C,10.06,81
2025-08-24,Product C,10.09,76
2025-08-25,Product C,10.08,115
2025-08-26,Product C,9.96,85
2025-08-27,Product C,10.03,110
2025-08-28,Product C,9.97,88
2025-08-29,Product C,10.04,89
2025-08-30,Product C,10.03,69
2025-08-31,Product C,9.96,71
2025-09-01,Product C,9.87,107
2025-09-02,Product C,10.01,115
2025-09-03,Product C,9.98,89
2025-09-04,Product C,9.81,95
2025-09-05,Product C,10.05,79
2025-09-06,Product C,10.1,76
2025-09-07,Product C,10.25,73
2025-09-08,Product C,9.96,122
2025-09-09,Product C,9.95,87
2025-09-10,Product C,9.89,82
2025-09-11,Product C,10.02,73
2025-09-12,Product C,10.02,75
2025-09-13,Product C,9.92,72
2025-09-14,Product C,9.98,61
2025-09-15,Product C,9.8,105
2025-09-16,Product C,10.09,86
2025-09-17,Product C,9.92,84
2025-09-18,Product C,10.0,97
2025-09-19,Product C,9.86,86
2025-09-20,Product C,9.94,80
2025-09-21,Product C,9.97,66
2025-09-22,Product C,10.0,99
2025-09-23,Product C,10.05,93
2025-09-24,Product C,10.14,92
2025-09-25,Product C,10.07,95
2025-09-26,Product C,10.1,90
2025-09-27,Product C,10.14,84
2025-09-28,Product C,10.06,68
2025-09-29,Product C,10.0,111
2025-09-30,Product C,10.1,99
2025-10-01,Product C,10.11,91
2025-10-02,Product C,10.06,104
2025-10-03,Product C,9.85,69
2025-10-04,Product C,9.92,77
2025-10-05,Product C,9.97,84
2025-10-06,Product C,10.08,100
2025-10-07,Product C,10.0,97
2025-10-08,Product C,10.11,89
2025-10-09,Product C,10.13,87
2025-10-10,Product C,10.12,71
2025-10-11,Product C,10.12,84
2025-10-12,Product C,9.9,80
2025-10-13,Product C,10.05,116
2025-10-14,Product C,9.94,96
2025-10-15,Product C,9.84,94
2025-10-16,Product C,9.97,82
2025-10-17,Product C,10.13,82
2025-10-18,Product C,10.05,97
2025-10-19,Product C,10.2,76
2025-10-20,Product C,10.02,104
2025-10-21,Product C,10.24,106
2025-10-22,Product C,10.02,84
2025-10-23,Product C,10.0,81
2025-10-24,Product C,9.87,77
2025-10-25,Product C,10.11,77
2025-10-26,Product C,9.95,84
2025-10-27,Product C,9.94,119
2025-10-28,Product C,10.13,110
2025-10-29,Product C,10.12,87
2025-10-30,Product C,10.11,87
2025-10-31,Product C,9.96,89
2025-11-01,Product C,9.99,77
2025-11-02,Product C,9.99,75
2025-11-03,Product C,10.08,120
2025-11-04,Product C,10.16,104
2025-11-05,Product C,10.04,99
2025-11-06,Product C,10.2,106
2025-11-07,Product C,10.09,87
2025-11-08,Product C,9.98,93
2025-11-09,Product C,10.08,83
2025-11-10,Product C,10.17,107
2025-11-11,Product C,10.2,100
2025-11-12,Product C,10.12,93
2025-11-13,Product C,10.0,88
2025-11-14,Product C,9.98,89
2025-11-15,Product C,10.06,90
2025-11-16,Product C,10.17,90
2025-11-17,Product C,10.04,123
2025-11-18,Product C,10.05,108
2025-11-19,Product C,10.01,85
2025-11-20,Product C,9.97,97
2025-11-21,Product C,9.98,92
2025-11-22,Product C,10.01,88
2025-11-23,Product C,10.17,99
2025-11-24,Product C,9.98,134
2025-11-25,Product C,10.01,120
2025-11-26,Product C,9.91,96
2025-11-27,Product C,10.07,95
2025-11-28,Product C,10.14,93
2025-11-29,Product C,10.16,83
2025-11-30,Product C,10.02,88
2025-12-01,Product C,10.06,129
2025-12-02,Product C,9.98,108
2025-12-03,Product C,10.05,116
2025-12-04,Product C,10.03,102
2025-12-05,Product C,10.01,82
2025-12-06,Product C,10.01,91
2025-12-07,Product C,10.05,88
2025-12-08,Product C,9.97,137
2025-12-09,Product C,9.98,116
2025-12-10,Product C,10.17,115
2025-12-11,Product C,10.27,105
2025-12-12,Product C,9.88,88
2025-12-13,Product C,9.87,82
2025-12-14,Product C,9.9,97
2025-12-15,Product C,9.99,142
2025-12-16,Product C,10.09,124
2025-12-17,Product C,10.06,123
2025-12-18,Product C,10.02,114
2025-12-19,Product C,10.05,106
2025-12-20,Product C,9.93,88
2025-12-21,Product C,9.98,104
2025-12-22,Product C,10.0,140
2025-12-23,Product C,9.84,122
2025-12-24,Product C,9.88,109
2025-12-25,Product C,9.89,111
2025-12-26,Product C,10.08,90
2025-12-27,Product C,10.02,103
2025-12-28,Product C,10.06,85
2025-12-29,Product C,9.82,142
2025-12-30,Product C,9.85,124
2025-12-31,Product C,10.07,115
2026-01-01,Product C,9.72,105
2026-01-02,Product C,10.12,104
2026-01-03,Product C,9.82,115
2026-01-04,Product C,10.08,106
2026-01-05,Product C,9.91,145
2026-01-06,Product C,10.1,131
2026-01-07,Product C,10.32,126
2026-01-08,Product C,9.77,123
2026-01-09,Product C,10.07,102
2026-01-10,Product C,9.82,102
2026-01-11,Product C,10.04,82
2026-01-12,Product C,9.98,155
2026-01-13,Product C,10.01,151
2026-01-14,Product C,9.91,123
2026-01-15,Product C,10.08,99
2026-01-16,Product C,9.86,116
2026-01-17,Product C,10.12,98
2026-01-18,Product C,9.96,94
2026-01-19,Product C,9.86,154
2026-01-20,Product C,10.16,139
2026-01-21,Product C,9.99,121
2026-01-22,Product C,10.19,114
2026-01-23,Product C,10.12,114
2026-01-24,Product C,9.92,104
2026-01-25,Product C,9.99,92
2026-01-26,Product C,10.01,149
2026-01-27,Product C,10.15,143
2026-01-28,Product C,10.04,126
2026-01-29,Product C,10.02,110
2026-01-30,Product C,9.98,123
2026-01-31,Product C,9.99,87
2026-02-01,Product C,10.13,100
2026-02-02,Product C,10.0,150
2026-02-03,Product C,9.96,144
2026-02-04,Product C,9.94,134
2026-02-05,Product C,9.94,133
2026-02-06,Product C,9.86,112
2026-02-07,Product C,9.92,116
2026-02-08,Product C,10.15,107
2026-02-09,Product C,9.98,144
2026-02-10,Product C,10.07,160
2026-02-11,Product C,9.75,121
2026-02-12,Product C,10.06,129
2026-02-13,Product C,9.98,123
2026-02-14,Product C,9.95,115
2026-02-15,Product C,10.02,103
2026-02-16,Product C,9.95,167
2026-02-17,Product C,9.79,135
2026-02-18,Product C,10.09,134
2026-02-19,Product C,10.02,123
2026-02-20,Product C,9.97,116
2026-02-21,Product C,9.9,118
2026-02-22,Product C,9.85,117
2026-02-23,Product C,10.02,160
2026-02-24,Product C,10.16,156
2026-02-25,Product C,10.02,137
2026-02-26,Product C,9.86,122
